sequence,label
SVQFKPRL,1
APLMGFQGVR,1
ALDGLDGAGFGFD,1
QYYYGASPYAYSGGYYDSPYSY,1
RVINDDCPNLIGNRDLYKRVEWICEDCSNIFRNTGMATLCRKNCFFNEDFLWCVYATERTEEMSQLRQWVGILGAGRE,1
GRPNFLRF,1
FKAEYQSPSVGQSKGYFLFRPRN,1
GSPGLIPFGRS,1
SNPYSFGL,1
DEPKPDQFVGLM,1
AGGRQYGFGL,1
SQPSMRLRF,1
GDPFLRF,1
ARLDTSSQFRKKWNKWALSR,1
LPHYPRL,1
PFNAFTG,1
QLTFTPNWGT,1
QHWSYGLRPGGKRNTEHLVESFQEMGKEVDQMAEPQHFECTVHWPRSPLRDLRGALESLIEEEARQKKM,1
QSVPTFTPRL,1
NRVYIHPFTL,1
APGLFELPSRSVRLI,1
SESEVPGMWFGPRL,1
YPQEHRFSFGL,1
ALPFSSWG,1
KPRPGQFFGLM,1
YPLGSPSQSPEQFKMQKLLELIREKSEEMAQRQLLKDQGLTKEHPKRVLRSQGSTLRVQQRPQNSKVTHISSCFGHKIDRIGSVSRLGCNALKLL,1
QHWSYEYMPG,1
ASSPRVDHRLV,1
RSLDASPSSAFSGNHSLS,1
DVRTPALRLRF,1
EGRMYSFGL,1
GFDHYGFTGGI,1
QAPRFI,1
SSPEQTAPSRTLLPHIPLGMDKPDEECRLLIQ,1
SPSNSKCPDGPDCFVGLM,1
VGTALGSLAEELNGYNRKKGGFSFRF,1
QGLVPFPRV,1
GSSGLIAMPRV,1
SQAEFDKAAEEVKNLKTKPADDEMLFIYSHYKQATVGDINTERPGMLDFKGKAKWDAWNQLKGTSKEDAMKSYIDKVEELKKKYGI,1
SGWNKMQGVW,1
HADGVFTSDYSRLLGQISAKKYLESLIGKRISSSISEDPVPI,1
RSVEGSSRMERLLSSGSSSSEPLSFLSQDQSVS,1
HSLQDTEEKSRSFPASQTDPLEDPDQINEDKRHSQGTFTSDYSKYLDSRRAQDFVQWLMNTKRNRNNIA,1
CYIQNCPRGG,1
AHVQTVGK,1
GYRKPPFNGSIFG,1
SCNTASCLTHRLAGLLSSAGSMANSNLLPTEMGFKVS,1
GAAPAAQFSPRL,1
NWGQFHGGW,1
YDDGSYKPHIYGF,1
GLDAYSFTGAL,1
SDEDSDGDRPQASPGLGPGP,1
NQPNFLRF,1
ELEGEQPDGLEQVLEPDTEKADGPYRVEHFRWGNPPKD,1
WETCKEFLKLSQLEIPQDGTSALRESSPEESHAL,1
SVQDNFIRF,1
GLSRNYLRF,1
GIFLPGSVILRALSRQ,1
PASDSGFLRDP,1
SLRGPAESSGESALSE,1
SGRNFLRF,1
EGDFTPRL,1
YGGFMRGL,1
CYIQNCPLG,1
AREFV,1
SSMPLCPIDEAIDKKIKQDFNSLFPNAIKNIGLNCWTVSSRGKLASCPEGTAVLSCSCGSACGSWDIREEKVCHCQCARIDWTAARCCKLQVAS,1
GSSGIIPFPRV,1
GQAKGRVYWRCYFNAVTCF,1
HSLQNTEEKSSSFPAPQTDPLGDPDQISED,1
AFDHYGFTGGL,1
VRDFV,1
GWSMLRL,1
EHWSHGLNPG,1
QPGYSHSFV,1
SLKPAANLPLRF,1
GMMGPSII,1
SEDRNTGNSLRDSSSFFPARY,1
SVLTPSLSSLGESLESGIS,1
GYSNKNFVRF,1
ALNSLDGAGFGFE,1
YSKFNFGL,1
DTFDHSCKGIYDRELFRKLDRVCEDCYNVFREPKVATECKSNCFVNKRFNVCVADLRHDVSRFLKMANSALS,1
CHWSYGLRPG,1
NAPVSIPQ,1
AMMRFG,1
DASFSSWG,1
SLNMSRL,1
SKPANFIRF,1
APSWRPQGRF,1
GGGGGSGETSGMWFGPRL,1
GFLDKVIKVCGRDLVRIKIDICGKILLGDMTTG,1
GGSLFRF,1
ARGPQLRLRF,1
PYGGYGW,1
DRVYIHPFHL,1
SRAHQHSMEIRTPDINPAWYAGRGIRPVGRF,1
SPLARSSIQSLLNLPQ,1
AYGTAETLCGGELVDTLQFVCGDRGFYFSRPVGRNNRRINRGIVEECCFRSCDLALLETYCAKSVKSE,1
ALDSLGGFQVHGW,1
QHWSYEFMPG,1
QAEATRQAAAQEERLADLASDLLLQYLLQGGARQRGLG,1
STMPFSGGMYG,1
AFDRMDNSDFFGA,1
NRSNLRF,1
YPFPGP,1
GGKYMRF,1
PETSLLGGTEAGERLLQQGLAQVEA,1
LPVYNF,1
APKQMVRF,1
GYSDRNYLRF,1
RSADGFGRMESLLTSLRGSAESPAALGEASAAHPLE,1
NSELINAILGSPTLFGEV,1
SPKNFLRF,1
SDSEEEMKALEADLLTNMHT,1
YRQSLNNFQGLRSFGCRFGTCTVQKLAHQIYHFTDKDKDGSAPRSKISPQGY,1
DRLYSFGL,1
SGDTSSQAKGMWFGPRL,1
TLSMLRL,1
ELNFTPNWGT,1
DNYIKMSDKCCNVGCTRRELASRC,1
QIPMLRL,1
TPNRDFMRF,1
TWKNLQGGW,1
EFNADDLTLRFG,1
GWTLNSAGYLLGPHGIDGHRTLSDKHGLA,1
AGLFAQPRL,1
EEEEEEEEEAEAGEEAVPEEEGPTVVLNPHPSL,1
GYPEEKKEEEGSANRRPEDQELESLSAIEAELEKVAHQLQALRR,1
KCYGKWAMHACWGGN,1
YEQDFLRF,1
YGGFLRRIRPKLKWDNQKRYGGFLRRQFKVVT,1
GTSLSPPPESSGSPQQPGLSAPHSRQIPAPQGAVLVQREKDLPNYNWNSFGLRF,1
YPTKPESPGPDATPEELAEYMTKIRQYINLVTRQRY,1
SVVPSPKVSDTVVEPYNA,1
AGLLVYPRL,1
NLGSLARAGLLRTPSTDYL,1
GPESAFLRL,1
SLSVQQRSDAAAAPRPAEPTLEEENGRMQLTAPVEIGMRMNSRQLEKYRAALEAAERAVHPDAPSRPCWPAGGESGWSGEPSPT,1
SQAYDPYSNAAQFQLSSQSRGYPYQHRLVY,1
DVAHEILNEAYRKVLDQLSARKYLQSMVARGMGENLAAAAVDDRAPLT,1
HNPHLPDLF,1
HAEGTFTSDMTSYLEEKAAKEFVDWLIKGRPK,1
DNSEMLAPPPRPEEFTSAQQLRQYLAALNEYYSIMGRPRF,1
AAAQHLCGSHLVDALYLVCGEKGFFYTP,1
YPSKPDNPGEGAPAEDLAKYYSALRHYINLITRQRY,1
GGETGNDAKAMWFGPRL,1
ASGLVAFPRV,1
HIGSLYR,1
LPSIGHYY,1
MEHFKF,1
QGSLFRF,1
QTFQYSRGWTNGKRDGHKTEDIRDLTNNLERILSPCQMNKLKYVLEGKPLNERLLGPCDTSKTRSTTNPSDTNTSAVKTPCSTHFNKHCYSFSY,1
DDGQSDSQAVDGDGKTEASEALPSEGKGELEHSQQEEDGEEAMVGTPQGLFPQG,1
QIDPLGFSGGI,1
DQLFPFPRV,1
KCNTATCATQRLANFLVHSSNNFGAILSSTNVGSNTY,1
VVSVVPGAISHA,1
AALSEAYDVRGKKERYADFNSKFVAVR,1
SPYRTFAFA,1
GSSGLIPFGRT,1
QHWSYGLQPGGKRNAENLVESFQEIANEMESLGEGQKAECPGSYQHPRLSDLKETMASLIEGEARRKEI,1
AIPSYSHNFV,1
FVPIFTYSELRRTQEREQNKRL,1
GSGVSNGGTEMIQLSHIRERQRYWAQDNLRRRFLEK,1
GFKEVLKAGLGSLVKGIPAHVAN,1
AMVRF,1
RASPYGVKLCGREFIRAVIFTCGGSRW,1
NYVMSHFHWNTFGQRMNGTPGGS,1
GVDSSFLRL,1
GGGRSFRLSSLGE,1
SEVPGVLRF,1
RPKPQQFGLM,1
LVQPRGPRSGPGPWQGGRRKFRRQRPRLSHKGPMPF,1
QFSESLPEECCKYGCPRYYLLMYC,1
PQPIFYHTTSPRL,1
FDFHTV,1
GDFAFNPRL,1
KPNAYKGKLPIGLW,1
TPSDGFMGMR,1
ASGDPNFLRF,1
NQPGVNFL,1
GIVDQCCTSICSLYQLENYCN,1
TMNFSPRL,1
RSRIGLW,1
ELSLELDYPEIDLDEDIEDNEVESALTKKNGNYRMHHFRWGSPPKDKRYGGFMTPERSQTPLMTLFKNAIIKNSHKKGQ,1
SYSMEHFRWGKPVGRKRRPIKVYPNGVDEESAESYPMEF,1
NLPFSPRL,1
SGYLAFPRM,1
AYNRSFLRF,1
VTLSLDVPTNIMNILFNIAKAKNLRAKAAANAHLMAQI,1
LVNQHLCGSHLVEALYLVCGDRGFFYYPKV,1
DLLASLTHEQKQLIMSQLLPELLSELSNAEDHLHPMRDRDYAGWMDF,1
NPTKYNFGL,1
DSVGENHQRPPFAPRL,1
QKIGLW,1
QVNFTPGW,1
DPAFSSWG,1
ISRPPGFSPFR,1
DQWQKLHGGW,1
QLNFTPNWGTGKRDAADFADPYSFLYRLIQAEARKMSGCSN,1
SNLFGNLVNQFQQDDVMQQ,1
NAEPNFLRF,1
NSELINSLLGLPKNMNNA,1
DARTAPLRLRF,1
AEAAGLLPFPRV,1
GDFAFSPRL,1
QHWSHGWYPGGKRSPDSPQDPQPAPRFPEGYWLGLAAGNPRQSTQSLPSKALAPPEDTVSEEAKTMAWWHLQKQRLIQTLLPRP,1
EPEPMARPTRPKVFESPEELRQYLDLVKEYYSLSGKARY,1
GSYRMMRL,1
YVGALARSGGLMGY,1
ELTFTPGWGY,1
PQLGLPFPRV,1
EVNFSPYW,1
RYLMT,1
NPYAFGL,1
GMDRFSFSGHL,1
TGWSSTSRAW,1
SANSNPAMAPRERKAGCKNFFWKTFTSC,1
AKFDKFYGLM,1
SDYIRYSDRCCNVGCTRKELADLC,1
APTDMYSFGL,1
AWQDLGSAW,1
DTGFAFSPRL,1
IAYKPE,1
YGGWG,1
LVKPRTSRTGPGAWQGGRRKFRRQRPRLSHKGPMPF,1
RWDQLHGAW,1
APPAALVTNGHNLGLLDIYDIQDRPTDI,1
DQGFNSWG,1
TDPLWQLPGAHLEQYLS,1
DADSSIEKQVALLKALYGHGQLSHKRHKTDSFVGLM,1
DGRMYSFGL,1
EHWSHGLSPG,1
YSFGL,1
AALSDSYDLRGKQQRFADFNSKFVAVR,1
AFDSLAGQGFTGFE,1
ADEFPDFYDSEEQMGPHQEANDEKARADQRVLTAEEKKELENLAAMDLELQKIAEKFSQRG,1
GASGLIAFPRV,1
GSPYFV,1
KCHFDEN,1
ELGTDDAVYPSLEAGTAEGGEAEGMEGVFSLQEKKDGSYKMNHFRWSGPPASKRYGGFMKSWDERSQKPLLTLFKNVIIKDGQQ,1
AWERFHGSW,1
ALRAAAVAGSPQQLLPLGQRERKAGCKNFFWKTFSSC,1
FVKQHLCGPHLVEALYLVCGERGFFYTPKS,1
QLDRNFLRF,1
SLALGRVDFRPG,1
QPVPPAEPAGSGLQRAEEAPRRQLRAVQRTDGESRAHLGALLARYIQQARKAPSGRMSIIKNLQNLDPSHRISDRDYMGWMDFGRRSAEEYEYPS,1
SFNAASPLLANGHLHRASELGLTDLYDLQDWSSD,1
SPGMLGLF,1
DSGEASGDLEE,1
DAARPNYYFL,1
DVLAGLSSNCCKWGCSKSEISSLC,1
ATGAASLYSFGL,1
YGGFLRRQFKVVTRSQENPNTYSEDLDV,1
ESVLHQPQRF,1
SAGPYAFGL,1
GPSGFLGMR,1
AHRFAAEDFGALDTA,1
RVTYEWMMENVKICRNDFVRTAIEVCGHVHLE,1
KTLCSMEEAINERIQEVAGSLIFRAISSIGLECQSVTSRGDLATCPRGFAVTGCTCGSACGSWDVRAETTCHCQCAGMDWTGARCCRVQP,1
PAETPNSLDLTFHLLREMIEIAKHENQQMQADSNRRIMDTI,1
SFGGNPTGDPNLNIYSFGL,1
AQHQYSFGL,1
SVDNLPPRERKAGCKNFYWKGFTSC,1
EVNFPTSW,1
GGGRAFNHNANLFRFD,1
LRSPKMMHKSGCFGRRLDRIGSLSGLGCNVLRKY,1
HAEGTFTSDVTQQLDEKAAKEFIDWLINGGPSKEIIS,1
SPPFAPRL,1
AKWMDDVIKACGRELVRAQIAICGKSTLG,1
HVFLRF,1
SPLSSSSSSPSSSAAMEPLTANQLLASALSSGGLNSLKPSEKALL,1
TNWNKFQGSW,1
SDPFFRF,1
GNFFRF,1
NLNNLGSFQVHGW,1
TDMKDESDRGAHSERGALWFGPRL,1
AGWNKFQGSW,1
QWGYGGY,1
FDRYEEENPYGYNFGAHIF,1
GDGRLYAFGL,1
ECSQDCAKCSYHLVSPGDINFLACTLECEGQMPSHKIWETCKDLLQVSKPEFPCDSINMFKDSNKQDESHLLA,1
NLDEIDRSDFGRFV,1
SAPSDFSRDIMSFG,1
APLEGFEDMSGFLRTIDGIQKPRF,1
AILDQSCKGIFDRELFKKLDRVCDDCYNLYRKPYVAIDCREGCYQNLVFRQCIQDLQLMDQLDEYANAVQIV,1
SDPSVPVEPEDDDMVDQ,1
DPPFSPRL,1
MDELYPVEPEEEANGGEILA,1
LPVNSPMNKGDTEVMKCIVEVISDTLSKPSPMPVSKECFETLRGDERILSILRHQNLLKELQDLALQGAKERTHQQ,1
ACFWKYCV,1
GLNFSPSW,1
GPDSTFLRL,1
AVPRPRI,1
SRPYSFGL,1
FISDQSRRKDLSDRPLPE,1
HGSYAFGL,1
GSSGGLITFGRT,1
GGNAKSYPQQIPYSFGL,1
NNNWSKFQGSW,1
AGDTSSEAKGMWFGPRL,1
IIFTPKL,1
AADGAPFIRF,1
SLDSPANRGFTHFD,1
YPVKPENPGEDAPAEELAKYYSALRHYINLITRQRY,1
YIPISNRLSDVLHQIEEQRMRENLLEDLFERLAAGDDSVGDV,1
DPSFNSWG,1
GNLHSLF,1
SPSAKWMRFG,1
SGNYNFGL,1
KSDLLGALLSRNSPSSYGLPSRDMSTAY,1
GASGLIPVMRN,1
TPQNWNKLNSLWG,1
HSEGTFSNDYSKYQEERMAQDFVQWLMNS,1
ASDWNRLSGMW,1
SAAAPLIRFG,1
AGQDGFMRF,1
HADGMFNKAYRKALGQLSARKYLHTLMAKRVGGGSMIEDDNEPLS,1
GFKTVGLATARGF,1
MPRVRSVVQARDAEPEADAEPVADEADEVEQKQLQ,1
EAIVSKARRPYIL,1
QDSGDEWPQQPFVPRL,1
GIVEQCCTGVCSLYQLENYCN,1
GIVDQCCTGTCTRHQLQSYCN,1
DGSYKMNHFRWSGPPKD,1
QPSYGHSFV,1
RVINDECPNLIGNRDLYKKVEWICEDCSNIFRKTGMASLCRRNCFFNEDFVWCVHATERSEELRDLEEWVGILGAGRD,1
ASDRSNATQLDGPAGALLLRLVQLAGAPEPFEPAQPDAY,1
RGPYAFGL,1
AFLTLTPGSHVDSYVEA,1
QHWSYGLRPGGKRDAENLIDSFQEIVKEVGQLAETQRFECTTHQPRSPLRDLKGALESLIEEETGQKKI,1
NLDEIDRVGWSGFV,1
QDLDHVFLRF,1
SLSMLRL,1
QPVPPADSAVPGAQEEEAHRRQLRAVQKVDGESRAHLGALLARYIQQARKAPSGRVSMIKNLQSLDPSHRISDRDYMGWMDFGRRSAEEYEYTS,1
NCHVEYEKTNRARKHRPCLYDPSQVCFTEHTQSQAAWLCAKPYKVICIFVSFLSFDYKLVQKVCPDYNFQSEHPYFG,1
RPRPQQFFGLM,1
HSDGLFTSEYSKMRGNAQVQKFIQNLM,1
EHWSHGWYPG,1
GTNGKPPDPKKESQDYLGWMDF,1
GYPSRNYLRF,1
APSSNSFMGMR,1
EHWSFGLSPG,1
QAEQLPPEGSYAGSDELEGMA,1
AWRDLSGGW,1
TPASGFFGMR,1
HADGVFTSDFSKLLGQLSAKKYLESLMGKRVSSNISEDPVPV,1
SGMRNALVRF,1
TDPLWSSFNENALLEE,1
ARGYDFGL,1
SQAEFDKAAEEVKRLKTQPTDEEMLFIYSHFKQATVGDVNTDRPGLLDLKGKAKWDSWNKLKGTSKESAMKTYVEKVDELKKKYGI,1
HLGSLYR,1
GANMGLYAFPRV,1
ERDMHRFSFGL,1
TNDFMRF,1
GVFDECCRKSCSISELQTYCG,1
TNYGGFLRF,1
PYDRISGSAFSDF,1
AGQGFMRF,1
QHWSHGWYPGGKRASNSPQDPQSALRPPAPSAAQTAHSFRSAALASPEDSVPWEGRTTAGWSLRRKQHLMRTLLSAAGAPRPAAVPIKP,1
AGVSGYDNIYQVLAPRF,1
QKAGLW,1
RKPWLL,1
SEKWNKLSSSW,1
SYSMEHFRWGKPVGRKRRPIKVYTNGVEEESTETLPAEM,1
ENFHLRP,1
GADFYSWG,1
SPVDAFSPPEASLTGGQSLS,1
QEGAPPQQSARRDRMPCRNFFWKTFSSCK,1
DASSSNENNSRPPFAPRL,1
GSGQDFMRF,1
APGYSHSFV,1
SASGGAGESSGMWFGPRL,1
FLGRVLPPTRATASTHRSRL,1
RVYDFGL,1
GRADNFLRL,1
SAEEDALGLPVWRQSHAAAPGGSHRHPPAGLPAAKGGTGVSGSPPKPWDCLPCRAHSLPSQS,1
GFKNVQLSTARGF,1
GSSFLSPSQKPQVRQGKGKPPRVG,1
CFITNCPPG,1
SWKPRSQLQDASSGPGTNEDLEQRQFNKLGSASHHRRQLGPQGPQHFIADLSKKQRPRMEEEEEAYGWMDF,1
DRGETLDILEWGSPHAAAPR,1
RQAQGWNKFRGAW,1
AIPNFVHKFV,1
HTAGFIPRL,1
NGSAGNGGLWFGPRL,1
QFDEYGHMRF,1
GLTFLSPADMQKIAERQSQNKLRHGNMN,1
AWQDLNAGW,1
QLLAERH,1
GDFENFFLKQSKSVPRI,1
TPAQSSDFMRF,1
ELNFSPNWGN,1
DGYRPLQF,1
SEALAVDGAGKPGAEEAQDPEGKGEQEHSQQKEEEEEMAVVPQGLFRG,1
KPPGLW,1
TPRDIANLY,1
ELATNEIDYPQEEGALNQQDKKDGSYKMSHFRWSSPPASKRYGGFMKSWDERSQKPLLTLFKNVINKEHQKKDQ,1
LDSLTGLGFGSQ,1
NFDEIDRAGFGFL,1
SVESSNHLPARERKAGCKNFYWKGFTSC,1
GQTFVRF,1
KPHLRGRF,1
TDDKKLKACGRDYVRLQIEVCGSIWWGRKAGQLRE,1
GLSMLRL,1
ESGGSGEANGMWFGPRL,1
DPSPEPFNPNYNRFRQKIPRI,1
WCLESSQCQDLTTERHLLECLRACKPDLSAETPVFPGGADEQTPTESPRKYVTGHFRWGRFGRGNSSGASQ,1
FNEFV,1
GSNWSNLRGAW,1
APVPGGQGTVLDKMYPRGNHWAVGHLM,1
EKLKPNMRRAFGLLTYPRI,1
HSEGTFTSDYSKYLDNRRAKDFVQWLMNT,1
TRSAWLNSEVAESGLDGDHLSDFSTTSPELYLR,1
YGGFLRRQFKVVTRSQEDPNAYSEEFFDV,1
APYGFGI,1
SGGFAFSPRL,1
HSDGMFTSELSRLQDSARLQRLLQGLV,1
APFRNSEMMTARGF,1
SEQEAGLDTGDGDGDQQYLVRPWLYLWADN,1
ASDRSNATLLDGPSGALLLRLVQLAAAPEPAEPAQPGVY,1
SDEEVQVPGGVISNGYFLFRPRN,1
YSLRARPRF,1
AGPAPSRLYSFGL,1
KWAAGRSAW,1
GGDDQFDDYGHMRF,1
VYEDKRLPNRYNFGL,1
SLVPQSYSNNENQI,1
HADGLLDRALRDILVQLSARKYLHSLTAVRVGEEEEDEEDSEPLS,1
SDMPGVLRF,1
DHMSHDVYSPRL,1
GSGQYAYGLGKAGQYSFGL,1
PAPDSSFIRDP,1
SPREPIRF,1
GRDYSFGL,1
AVNPFLDSIG,1
SADWNSLRGTW,1
WMDFG,1
GPSSGFFGTR,1
GGARVFQGFEDE,1
SAEFPDFYDSEEQMSPQHTAENEEEKAGQGVLTEEEEKELENLAAMDLELQKIAEKFSGTRRG,1
VDELYPVEPEEEANGGEILT,1
FEPSLRLRF,1
ARPDNFIRF,1
APSDFMRF,1
EGLRW,1
RVVSGSKGSAALALCRQFEQLSAS,1
QLGSWEDEMVGALGNQGAKAQTKVVPRTLTVTGLQDKKDGSYRMGHFRWGSPTAIKRYGGFMKPYTKQSHKPLITLLKHITLKNEQ,1
YPPKPESPGSNASPEDWAKYHAAVRHYVNLITRQRY,1
GGSLDALRSGHQVPMLRA,1
YRATETLCGGELVDTLQFVCGDRGFYFSTNNGRSNRRPNRGIVDVCCFKSCDLELLETYCAKPTKNE,1
APSGQDFMRF,1
QSGALLSEQCCHIGCTRRSIAKLC,1
GHADNFMRF,1
YGGFM,1
SDAFSRNFMNF,1
FKGLSHFGEN,1
QLTFTSSWGGKRAMTNSISCRNDEAIAAIYKAIQNEAERFIMCQKN,1
ETPDCFWKYCV,1
QDVDHVFLRF,1
ELNFSTGW,1
PHAQLLRVGCVLGTCQVQNLSHRLWQLVRPAGRRDSAPVDPSSPHSY,1
NDVKDGAASGAHSDRLGLWFGPRL,1
DWPEPPSQEQQQRFISRFLPHVFAELSDRKGFVQGNGAVEALHDHFYPDWMDF,1
SSSMYDRDIMSFG,1
FGMIPSII,1
RPESALLGGSEAGERLLQQGLAQVEA,1
SGNSNELRRGKL,1
QDEGSEATGFLPAAGEKTSGPLGNLAEELNGYSRKKGGFSFRF,1
SGRVDHIHDILSTLQRLQLANE,1
ARPYSFGL,1
DFDEIDRAGF,1
TSISRSKDAKKPSLDILEGAGFSPL,1
NNFSDCFWKYCV,1
TPHWRPQGRF,1
DVSHQHY,1
GSPHFI,1
PAPETNYLRDP,1
ASSAPFIRF,1
QERRAMGFVGMR,1
NQKTISF,1
HADGTFTSDINKILDDMAAKEFLKWLINTKVTQ,1
GWTLNSAGYLLGPHAIDNHRSFHDKYGLA,1
DAGYGQISH,1
QLTFSSGWGNCTS,1
SWKPRSQQPDAPLGTGANRDLELPWLEQQGPASHHRRQLGPQGPPHLVADPSKKQGPWLEEEEEAYGWMDF,1
GSSFLSPEHQRVQQRKESKKPPAKLQPR,1
MNYLAFPRM,1
KIFEPLRDKNL,1
SENTGAIGKVFPRGNHWAVGHLM,1
FVPFFTQSDIQKMQEKERNKGQ,1
APNGFLGMR,1
NAPPEPVPPPRAAPAPTHV,1
HADGSFTNDINKVLDIIAAQEFLDWVINTQETE,1
GSSGLIPMGRV,1
GGALFRF,1
QPHPDEFVGLM,1
QLNFSPNW,1
GSSGLISMTRV,1
GGRSPSLRLRF,1
AREPSNATQLDGPARALLLRLVQLAGTRESVDSAKPRVY,1
DGDMSGEGKGMWFGPRL,1
NDPYLRF,1
ADVGHVFLRF,1
QLNFSAGWGRRYADPNADPMAFLYRLIQIEARKLAGCSD,1
ELNFSWGT,1
RVSEEWMDQVIQVCGRGYARAWIEVCGASVGRLAL,1
HADGTYTSDVSSYLQDQAAKDFVSWLKAGRG,1
QERPPLQQPPHRDKKPCKNFFWKTFSSCK,1
QWLKGRF,1
GSDIDDPRFFSGAF,1
HKDAFIGLM,1
FDSLTGLGINSQ,1
ADAFFLGPRY,1
TDRNFLRL,1
QDLDIGMW,1
EHWSLCHAPG,1
QPNPDEFFGLM,1
EWLKGRF,1
SVPHFSDEEE,1
FSGASPYGL,1
SGKLSFLEDEM,1
DFDRDFMHF,1
GHDFEVFLRF,1
DETIEIIVENKVKELLANPANYPSTVTKTLSCTSVKTMNRWASCPAGMTATGCACGFACGSWEIQSGDTCNCLCLLVDWTTARCCQLS,1
DFSFNPRL,1
SVIDFMDVRKCIPCGPRNKGHCFGPNICCGEELGCYFGTTETLRCQEENFLPSPCESGRKPCGNNGGNCARSGICCNHESCTMDPACEQDSVFS,1
FVPIFTYGELQRMQEKERNKGQKKSLSVWQRSGEEGPVDPAEPIREEENEMIKLTAPLEIGMRMNSRQLEKYPATLEGLLSEMLPQHAAK,1
QLHVPSIL,1
EQRLGNQWAVGHLM,1
SGHYNFGL,1
AAGQDFMRF,1
GFKDGAADRISHGF,1
AAVRLRPVGSLFFLNRPHE,1
RYIRF,1
SCNTATCMTHRLVGLLSRSGSMVRSNLLPTKMGFKVFG,1
SSFPRY,1
SKQLRYHHCYFNPISCF,1
LQDAEDSSRFDADDTLAGEARELSTP,1
DGYTPRL,1
SPMERSAMVRF,1
FSEFMRQYLVLSMQSSQ,1
GFKNVALSTARGF,1
GPTVGLFAFPRV,1
SDRSPSLRLRF,1
RVTKEWLDEVIHVCGREYVRAILDICAATVGLEAPPL,1
VIHCDSSTICPDGTTCCLSPYGVWYCCPFSMGQCCRDGIHCCRHGYHCDSTSTHCLR,1
LYTHFSTRL,1
RSLQDTEEKSRSFSAPQTEPLNDLDQMNEDKRHSQGTFTSDYSKYLDSRRAQDFVQWLMNTKRNKNNIA,1
SDEENLDFLE,1
HSQGTFTSDYSKHLDSRYAQEFVQWLMNT,1
QQFDDYGHLRF,1
QFNEYGHMRF,1
GPDSAFLRL,1
SDPDMLNNIVE,1
SQPFSFGL,1
TGWNKFQGSW,1
KPKTEKK,1
SPKYNFGL,1
ASLFNAPRV,1
SGTGLSATLPQRF,1
NWNNLRGAW,1
PDRFGFGL,1
TTRPQPFNFGL,1
GSGEDLSYGDAYEVDEDDHPLFVPRL,1
VDWICKDCANIFR,1
RQQPFVPRL,1
CFIRNCPKG,1
YGGFLRRQFKVVTRSQEDPSAYYEELFDV,1
ARLDVAAEFRKKWNKWALSR,1
TLQPPASSRRRHFHHALPPARHHPDLEAQARRAQEEADAEERRLQEQEELENYIEHVLLHRP,1
ASWASSVRF,1
GSSGMIPFPRV,1
APVNSFVGMR,1
APEASPFIRFG,1
SVHGLGPVVI,1
DYRPLQF,1
MIEITVNDRLGKKVRIKCNPSDTIGDLKKLIAAQTGTRWEKIVLKKWYTIYKDHITLMDYEIHEGFNFELYYQ,1
ETSDDYGHLRF,1
SGADFYPWG,1
QVNFSPGWGTGKRSAVQDSPCKGSAESLMYIYKLVQNEAQKILECEKFSSN,1
GVDSSFVRL,1
AVERPRQDGQVHEPPGRERKAGCKNFFWKTFTSC,1
AWQDLNSAW,1
NFKFNPWG,1
DSKLMDPLIRF,1
GPFLRF,1
GGGEDEVGEEDEEAAEAEAEAEEAERARQNALL,1
FRVDEEFQSPFASQSRGYFLFRPRN,1
GAQFSSWG,1
MDQFSFGPGL,1
ELLGGRF,1
LPLYNFGL,1
FSQAQG,1
QSTNDFIKACGRELVRLWVEICGSVSWGRTAL,1
ESDDYGHMRF,1
EQDYTGWMDF,1
KPPSLWS,1
NPASGFFGMR,1
SASSGESSGMWFGPRL,1
GEGIIAEYMNSESFPHEGSLSNFFLKASKAVPRL,1
TSKYR,1
SIKPFANLPLRF,1
AWQSLQSSW,1
FVNKHLCGSHLVDALYLVCGDRGFFYTPMA,1
MDPNAFRMSF,1
SFNAASPLLTTGHLHRGSELGLSDLYDLQEWTSD,1
MDANAFRMSFG,1
STNWSSLRSAW,1
NSELINSLLGIPKVMNDA,1
ARPSSNFIRL,1
MEHFPGP,1
AQSFVRL,1
SSPEALMMTDLMLRENAESFPKYRYDEPFMW,1
SCNTAICVTHKMAGWLSRSGSVVKNNFMPINMGSKVL,1
RVPWTPSPRL,1
APSGFQGMR,1
HSEFERHAEGTYTSDITSYLEGQAAKEFIAWLVNGRG,1
WYKPAAGHSSYSVGRAAGLLSGLRRSPYA,1
EPLWSGRF,1
GAPRFL,1
ELTFTSSWG,1
AMMGGFQGMR,1
APQRNFLRF,1
AEEQNQPPPV,1
MDSNFIRF,1
SDPEVPGMWFGPRL,1
AYRKPPFNGSLF,1
FGSFSPYYFYQQPK,1
RSMRLSFRARGYGFRGPGLQL,1
APSQRLRW,1
DPSQDFMRF,1
HADGSFSDEMNTVLDNLATRDFINWLLHTKITDSL,1
NFDEIDRSSFGFN,1
DVRAPALRLRF,1
EHWSYGWLPG,1
NYYGWMDF,1
PAPESGFIRDP,1
NIGTLARDFQLPQN,1
RQYAFGL,1
IPYIL,1
GWQDLNGGW,1
APSSAGPLKPAPRLDGSFEQRATIGALLAKYLQQARKGSTGRFSVLGNRVQSIDPTHRINDRDYMGWMDF,1
SPSQDFMRF,1
FIPINNRLSDVLQSLEEERLRDSLLQDFFDRVAGRDGSAV,1
APLSWDLPEPRSRAGKIRVHPRGNLWATGHFM,1
ASKQANLMRF,1
GSSFLSPEHQKVQQRKESKKPAAKLKPR,1
GRPSNNFVRF,1
AGGLLDFGLSRGASGAEAAKARLGLKLANDPYGP,1
AGGTSGLYAFPRV,1
YAIAGRPRF,1
DTSTPALRLRF,1
RLRFD,1
RWSKFQGSW,1
GSGNLMRF,1
AWSNLGQAW,1
YVASLARTGDLPIRGQ,1
GMDSLAFSGGL,1
AYGFRDPGPQL,1
EMPGVLRFG,1
DGRNFLRF,1
SLDSLGSFQVHGW,1
HVDGSFTSDVNKVLDSLAAKEYLLWVMTSKTSG,1
AEGLSSPLIRF,1
FNAPFDVGIKLSGAQYQQHGRAL,1
GIVEECCKGVCSMYQLENYCN,1
DVAHGILDKAYRKVLDQLSARRYLQTLMAKGLGGTPGGGADDDSEPLS,1
YGGFLRRQFKVVTRSQEDPNAYSGELFDA,1
QCWESNKCTDLSSEDGILECIKACKMDLSAESPVFPGNGHIQPLSENIRKYVMSHFRWNKFGRRNSTSNDNNNNNGGY,1
EDVDHVFLRF,1
NFDEIDRAGMGFA,1
SGPQAHEGAGMRFAFA,1
APSGFNGMR,1
PVNSGRSSGSRFNFGL,1
SGELEQEEERLSKEWEDS,1
GPMGWVPVFYRF,1
SKSHQFYGLM,1
PKSNFLRF,1
SLALADDAAFRERARLLAALERRRWLDSYMQKLLLLDAP,1
APSSMGFMGMR,1
APAAGFFGMR,1
DFDEIDRSGFGFA,1
DQQAPPPMFPPRL,1
AQPSFAF,1
SRPYLFGL,1
ANRSLRLRF,1
VSPKYGHNFV,1
DVSTPPTVLPDDSPRYPVVKLFQYNAWKQSTQRL,1
SPLQEAEDNSSLETADSLLEDLRGVPNM,1
AISDMELRQCLPCGPGGKGRCFGPSICCADELGCFVGTAEALRCQEENYLPSPCQSGQKPCGSGGRCAAVGICCSDESCVAEPECHDGFFRLT,1
MDGFAFAPGL,1
QVTFSRDWNA,1
RPGPPGLQGRLQRLLQASGNHAAGILTM,1
SGSAKVAFSAIRSTNH,1
PADPNFLRF,1
GAPRFI,1
GSYYY,1
PMMMGFHGMR,1
NAELINSLLGVPRVMSDA,1
APRPYSFGL,1
PDMYAFGL,1
QHWSKGYSPG,1
SPAFLFQPQRF,1
EAYAFGL,1
THPFLRF,1
HSDAVFTDNYSRYRKQMAAKKYLNSVLA,1
GGGRAFYDE,1
YFMRF,1
SGRNMEVSLVRQVLNLPQRF,1
HSDAVFTDNYTRLRKQMAVKKYLNSILN,1
HVRHFYGLM,1
EVNFSPGWGT,1
GSPGFSHSFV,1
EPYGFGI,1
KPNQDFMRF,1
FVNQHLCGPHLVEALYLVCGERGFFYAPKT,1
KAVRSPSLRLRF,1
AGNSGANSGMWFGPRL,1
GWTLNSAGYLLGPHAIDNHRSFSDKHGLT,1
SPSLDDERNDNFVRL,1
CSNLSTCVLSAYWKDLNNYHRYSGMGFGPETP,1
ELYENKPRRPIL,1
APAPSGGGSAPLAKIYPRGSHWAVGHLM,1
ESRNPPLNGSMF,1
VPASGFFGMR,1
EHWSHGWLPG,1
GLFDVIKKVASVIGGL,1
SGPAGVL,1
ELTFSPDWGK,1
GGARAFVENS,1
EPRLRFHDV,1
TNFAFSPRL,1
VYVPRYIANLY,1
DGGEPAAPLWFGPRV,1
VNAGPAQWNKFRGSW,1
NVGSVAREHGLPY,1
SDPHLSILSKPMSAIPSYKFDD,1
EPTWNNLKGMW,1
ACNTATCMTHRLAGWLSRSGSMVRSNLLPTKMGFKIFNGPRRNSWF,1
SEPYLRF,1
PQVGLIPFPRV,1
HAEYERHADGRYTSDISSYLEGQAAKEFIAWLVNGRG,1
EAYAGFL,1
HISPSYDVEIDAGNMRNLLDIG,1
GRQPYSFGL,1
QSDDYGHMRFG,1
NDNADYPLRLNLDYLPVDNPAFHSQENTDDFLEE,1
VPIDVDKTKVHNTEPVENARIEPPDTGLYYDEYLKQVIEVLETDPHFREKLQKADIEEIRSGRLSQELDLVSHKVRTRLDEL,1
FGGFTGARKSARKLANQ,1
FQSLF,1
VGGPQHLCGSHLVDALYLVCGDRGFFYNPR,1
MDSFAFAPGL,1
ALAGDHFFRF,1
KPPSSSEFVGLM,1
ELVHNKARPYIL,1
YRWNSFGLRY,1
QSPGLW,1
ELATNEVNHPQEDSALIQQKKKDGSYKMKHFRWSSPPAGKRYGGFMKSWDERSQKPLLTLFKNVINKEHQKKDQ,1
RFTFDCPGMMGQRYLYEQVEQVCDDCYNLYREEKIAVNCRENCFLNSWFTVCLQATMREHETPRFDIWR,1
QNYLAFPRM,1
AVLDLDVRTCLPCGPGGKGRCFGPSICCGDELGCFVGTAEALRCREENYLPSPCQSGQKPCGSGGRCAAAGICCSPDGCHADPACDPEAAFSQH,1
PEQTAPYGLGNPPRRRRRSLPRRCQCSSARDPSCATFCLRRPWTEARAVPSRKSPADVFQTGKTGATRGELLQRLRDIS,1
SDPDLDDVIRASLLAYSLDDSPNN,1
RYLPT,1
GSFVPRL,1
GGKMFMRF,1
GWRDLNGGW,1
NVASLARTYTLPQNA,1
ASDDRVLGWNKAHGLW,1
SVSQLNQYAGFDTLGGMGLG,1
NIQSLKNAQGQGGGSSSG,1
SDARLQGLF,1
QITQFTPRL,1
GQSSQRVFWRCYFNAVSCF,1
DDTNKFLRLS,1
HADGIFSKAYRKLLGQLSARNYLHSLMAKRVGGASSGLGDEAEPLS,1
SRHPKLYFPGIV,1
FPAFTTGFGHS,1
NFDEIDRSGFDGFV,1
VQESADGYRMQHFRWGQPLP,1
DVPKSDQFVGLM,1
QLYMTLSNKCCHIGCTKKSLAKFC,1
RLRFH,1
DRPYSFGL,1
RLRFN,1
RARPRF,1
QQPGLW,1
AGFKNLNREQ,1
LYDFGL,1
ASGSSDFMRF,1
YGGFLRKYPK,1
SCDTSTCATQRLADFLSRSGGIGSPDFVPTDVSANSF,1
NPRWEMRGKFVGVR,1
TLSRVPSLPQRF,1
HAEDVNALLDRTMAKTFIEWLEKQNSNDQTD,1
SDGWSPSGDGSW,1
QVRFRQCYFNPISCF,1
DEGHKMLYF,1
GENFAIKNLKTIPRI,1
EHSYGLSPG,1
SLTFEEVKDWAPKIKMNKPVVNKMPPSAANLPLRF,1
QHGAAPECFWKYCI,1
ARSDNFVRL,1
RSTPGYGRMDRILAALKTSPMEPSAALAVEHGTTHPLE,1
QSEGTFSNYYSKYQEERMARDFLHWLMNS,1
GFNSALMF,1
GRGGPSNYVRL,1
LVFDPSCAGVYDRVLLGKLNRLCDDCYNVFREPNVATECRSNCFYNLAFVQCLEYLMPPSLHEEYQANVQMV,1
RQFLRF,1
IPMYDFGI,1
NYAKSHFRSTALGRRTNGSVGSS,1
QQDSEVEREMM,1
AADHDVGSELPPEGVLGALLRVKRLETPAPQVPARRLLPP,1
AMAHLPLRLGKNREDSLSRWVPNLPQRF,1
AAGPMLAPRERKAGCKNFFWKTFTSC,1
SDLEGNGVGIGDDHEQALVHPWLYLWGE,1
YDSFAYSAGL,1
HADGSFSDEMNTILDSLATRDFINWLIQTKITD,1
AVKSSSYEKYPFDLSKEDGAQPYFMTPRLRFYPI,1
AAPGWPEDGAGKMGAEEAKPPEGKGEWAHSRQEEEEMARAPQVLFRG,1
GGGWG,1
NPQQDFMRF,1
GPSAFLRL,1
EPPGGSKVILF,1
EDVSAGEDCGPLPEGGPEPRSDGAKPGPRE,1
RSTQGYGRMDPIL,1
GGGRAFNHNANLFRYE,1
QNPNRFIGLM,1
FRLDEEFQGPIASQVRRQFLFRPRN,1
TPPQPSDNFIRF,1
LEGQEEEEDNRDSSMKLSF,1
RIRFN,1
AMSDLELRQCLPCGPGGKGRCFGPSICCGDELGCFMGTAEALRCQEENYLPSPCQSGQKPCGSGGRCAAAGICCNDESCVTEPECREGASFPRRA,1
GEGKMFWRCYFNAVSCF,1
TVDFGLSRGYSGAQEAKHRMAMAVANFAGGP,1
QVFDQACKGVYDRNLFKKLDRVCEDCYNLYRKPFVATTCRENCYSNWVFRQCLDDLLLSDVIDEYVSNVQMV,1
LPSAHPLE,1
ASPSAPFIRF,1
FVPIFTHSELQKIREKERNKIRNKGQ,1
SGPYAFGL,1
VYGPRDIANLY,1
MPRVRSLFQEQEEPEPGMEEAGEMEQKQLQ,1
GPPYDFGM,1
GPPSLRLRF,1
VPNDWAHFRGSW,1
GAPRFV,1
ESGGLMSQQCCHVGCSRRSIAKLYC,1
GYEDEDEDRPFYALGLGKRPRTYSFGL,1
HSDALFTDTYTRLRKQMAMKKYLNSVLN,1
APPEPVYPGDDATPEQMAEYVADLRRYINMLTRPRY,1
LPMYNFGL,1
APLEPAYPGDNATPEQMAQYAAELRKYINMVTRPRY,1
TSWGKFQGSW,1
ALSGDAFLRF,1
GWQDLNSAW,1
GPETLCGAELVDALQFVCGDRGFYFNKPTGYGSSSRRAPQTGIVDECCFRSCDLRRLEMYCAPLKPAKSA,1
APPGFTPFR,1
RSSEDLSAPEDRSLS,1
YGGFMKSWDERSQKPLLTLFKNVMIKDGHEKKGQ,1
AIPFNGGMYG,1
AAQILRVAQGPSAFVAGPH,1
SEEPPISLDLTFHLLREVLEMARAEQLAQQAHSNRKLMEII,1
NPELYQMNHFRWGQPPTHF,1
MGMRLPNIIFL,1
NDFSRDIMSF,1
DEVKIVLD,1
AAGLQNYDFG,1
WKQMSVW,1
DEPPAFFLKIAKNIPRI,1
SEAAFQKAAEEVKELKSQPTDQEMLDVYSHYKQATVGDVNTDRPGMLDFKGKAKWDAWNALKGMSKEDAMKAYVAKVEELKGKYGI,1
ELEGERPLGLEQVLESDAEKDDGPYRVEHFRWSNPPKDKRYGGFMTSEKSQTPLVTLFKNAIIKNAHKKGQ,1
SPLQEAEDNSSLETTDPLLEDLMGVSNV,1
KCNTATCATQRLTNFLVRSSHNLGAALLPTDVGSNTY,1
HSEGTFTSDYSKYLENKQAKDFVRWLMNA,1
KIFEPLREDNL,1
WCLESSQCQDLSTESNLLACIRACKPDLSAETPVFPGNGDAQPLTENPRKYVMGHFRWDRFGRRNGSSSGGGGGGGGAGQ,1
SSIQSLLNLPQRF,1
GSSGMISFPRT,1
QWLYSMFGL,1
GSVAFPAENGVQNTESTQE,1
DPSFLRF,1
QTFTYSHGWTNGKRSTSLEELANRNAIQSDNVFANCELQKLRLLLQGNINNQLFQTPCELLNFPKRSFSENMINDHRQPAPTNNNY,1
NFDEIDRTGFEGFY,1
DLPKVDTALK,1
IHEGEEGEAEEE,1
AWKSMNVAW,1
KIFEPLVA,1
VPSGFTGMR,1
ECSQDCAKCSYRLVRPGDINFLACTLECEGQLPSFKIWETCKDLLQVSRPEFPWDNIDMYKDSSKQDESHLLA,1
NRPYIHPFQL,1
GGSLYSFGL,1
HSDGTFTSELSRLRESARLQRLLQGLV,1
SGPGFMGVR,1
YAFEVVG,1
SPALDDERNDNFIRL,1
TPGYSHSFV,1
AINPFLDSMG,1
HSDGSFTNDMNVMLDRMSAKNFLEWLKQQGRG,1
SGGGMFSTNDVMQQ,1
DPLTNIM,1
GPSSSAFFGMR,1
AAASDNFMRF,1
GNSFLRF,1
VPLPAGGGTVLTKMYPRGNHWAVGHLM,1
RRCSNRNFVRL,1
AYFDEKKSVPGVLRF,1
ELSLEFDYPDTNSEEELDNGELLEGPVKKGRKYKMHHFRWEGPPKDKRYGGFMTPERSQTPLMTLFKNAIIKNAHKKGQ,1
SFRNGVGTGMKKTSFRRAKS,1
EVNFSPSWGN,1
ARSYNFGL,1
AQSFLRL,1
SPRNFLRF,1
DRGEMRDILEWGSPHAAAPR,1
DNSQWGGFA,1
GGGRAFAGSWSPYLERFYDY,1
SAPMASDYGNQFQMYNRLIDAG,1
APPGWSPFR,1
AGGADNFMRF,1
SIATLAKNDDLPISLHDRMAENEDDEE,1
SEQPDVDDYLRDVVLQSEEPLY,1
SIKPSAYLPLRF,1
QGLISFPRV,1
NGFWN,1
EQLIPFPRI,1
FVNQHLCGSHLVEALYILVCGERGFFYTPMS,1
GRGGSSNYVRL,1
LPDSSFLRL,1
GWTNLSAGYLLGPHAVDNHRSLNDKHGLA,1
ELYAFPRV,1
ENCCPR,1
FNAPFDVGIKLSGVQYQQHSQAL,1
GLDRYGFVGGL,1
APSSAQRLYGFGL,1
IFNKAYRKVLGQLSARKYLHSLM,1
APSAPAGLEEKLR,1
STDWSSLRSAW,1
NVGSHGFLRF,1
ELQLEVEERRPGSVDVPLPESNIVRTIMEFLSFLHLKEAGALDSLPGIPLATSSEDLEKS,1
RQYSFGL,1
EGGSSGEASGMWFGPRL,1
EPYEFGL,1
YPSKPDSPGEDAPAEDMARYYSALRHYINLITRQRY,1
SPLGTMRF,1
TPNSRAFLGMR,1
QSRDFSISEREIVASLAKQLLRVARMGYVPEGDLPR,1
ACNTATCVTHRLADFLSRSGGMAKNNFVPTNVGSAF,1
YKVNEYQGPVAPSGGFFLFRPRN,1
RDEEVTQREE,1
GPRNFLRF,1
NNPNVFYPWG,1
NFDEIDRSDFA,1
QEDAELQPRALDIYSAVDDASHEKELPRRQLRAPGAMLQIEALQEVLKKLKS,1
SFAKAPHLDL,1
EIDRSSFGFH,1
HADGTYTSNVSTYLQDQAAKDFVSWLKSGRA,1
EGANSNEAKGMWFGPRL,1
SGFYADRY,1
NTGIAAERDLPKRYFDALAGQSL,1
GRSDNFIRF,1
ARNDVLGDKENVRPNPYYTEPFDPDTSPEELSALIVDYANMIRNDVILLDNSVETRT,1
HSDAVFTDNYSRFRKQMAVKKYLNSVLT,1
SDPYLRF,1
MIEVVCNDRLGKKVRVKCNQEDTIGDLKKLIAAQTGTRWEKIVLKKWYTIFKNHVSLGDYEIHDGMNLELYYL,1
SVENSRPTGQQLESLDLSAPWEQSLPCTERKPSATARLSRRGASLSSPAESSGSPQRRGLSAPSSRQIPAPQGAVLVQREKDLPNYNW,1
RKPHPKEFVGLM,1
ELAGERPEPALGPEGAAEGMAALADLEYGLVAKAEVAEKKDDGPYKMEHFRWGSPGKDKRYGGFMTSEKSQTPLVTLFKNAIIKNAHKKGQ,1
APKPKFIRFG,1
PMSGDDDDNDAMELLQ,1
GIGAVLKVLTTGLPALISWIKRKRQQ,1
ETFQYSHGWTN,1
GMYGGW,1
FAPRSPQLRLRF,1
NIASLMRDYDQSRENRVPFP,1
SGFYSDRY,1
MSLQADFDKAAKDVRKLKTRPDDEELKELYGLYKQSVIGDIDIECPALLDLKGKAKWEAWNLQKGLSKEDAMNAYISKAKELIEKYGI,1
RIRFH,1
GKTKGVTSGLIAFPRL,1
PVKVYPNGAENESAEAFPVEV,1
NIQSLLRTGMLPSIAPK,1
DPLNEERRANRYGFGL,1
RSVEGVSRMEKLLT,1
HNPASFIGLM,1
GPSGGFNGALAR,1
AGDRSNVTQLDGPAGALLLRLMQLAGAPEPQPAAPGGY,1
GGPYAFGL,1
PDVGGFMVEDQRTHKSHNYMM,1
LEGEDDPDRSMKLSFRA,1
TSSLFPHPRL,1
ANSKVAFSAVRSTN,1
RSAEGLGRMGRLL,1
DDEPRSYFV,1
NRVYVHPFTL,1
EHSHGWYPG,1
TPSQDFMRF,1
TPAEDFMRF,1
APTAFYGVR,1
LRVAPEEHPVLL,1
PSDNFLRF,1
APSEPHHPGDQATQDQLAQYYSDLYQYITFVTRPRF,1
GPPDPNKFIGLM,1
NDVNTMADAYKFLQDLDTYYGDRARVRF,1
MDELYPLEVEEEANGGEVLG,1
DNPSLSIDLTFHLLRTLLELARTQSQRERAEQNRIIFDSV,1
QFYRF,1
TMSFSPRL,1
TRKLPFNGSIF,1
SVPHFSDEDKDPE,1
FDAYTTGFGHS,1
WYKPAAGPHHYSVGRASGLLSSFHRFPST,1
GSSGLISFPRT,1
TRSAWPSTAASGLLEDPLPHTSRTSLEPSLR,1
ARMGFHGMR,1
SFIDNTCRGVMGNRDIYKKVVRVCEDCTNIFRLPGLDGMCRNRCFYNEWFLICLKAANREDEIEKFRVWISILNAGQ,1
AAGLFQFPRV,1
NSELINSLLSLPKKLNDA,1
YAFDVVG,1
SIRAPQLRLRF,1
EDVEHVFLRF,1
ELTGERLEQARGPEAQAESAAARAELEYGLVAEAEAEAAEKKDSGPYKMEHFRWGSPPKDKRYGGFMTSEKSQTPLVTLFKNAIIKNAHKKGQ,1
SAPQDFVRS,1
KVKFSAWG,1
APMGFYGTRG,1
APSGFQ,1
GPPSECFWKYCV,1
KLPYSFGL,1
ASPSFIRF,1
NQKIITF,1
LSPTQDFMRF,1
SFRNGVGSGAKKTSFRRAKQ,1
SAPSQDFMRF,1
RSLEGSSSPVASLIRGRSLS,1
SNCFYNTEFLWCIDATENTR,1
KLSYDDKVFENVEFTPRL,1
ATGQYAFGL,1
TVKLTPRL,1
RSFDASPSATSGNHSLN,1
MPFDL,1
YDFEASSYSFGL,1
DCANIFRQDGLLNNCR,1
AHRNFLRF,1
SDMYSFGL,1
GIVEQCCASTCSLYQLENYCN,1
HSQGTFTSDYSKYLDSRRAQDFVQWLMNSKRSGGIS,1
NNQESYFV,1
NNWNRMQGMW,1
DVAHGILNEAYRKVLDQLSAGKHLQSLVARGVGGSLGGGAGDDAEPLS,1
EHWSYGLSPG,1
DDDGQSESQAVNGKTGASEAVPSEGKGELEHSQQEEDGEEAMAGPPQGLFPG,1
APGDRIYVHPF,1
DGPYSFGL,1
APSGFLGMRG,1
EFFPL,1
ALTPPSLLSHGHFNRASDLGFSDLYDVQDWSSE,1
NIATMARLQSAPSTHRDP,1
NWTPQAMLYLKGAQ,1
AINPFTDSI,1
TGPSATTGVWFGPRL,1
GIVEQCCNSICSLYQLETYCN,1
YPQSKWQEQ,1
FDRYDDETAYGYGFDNHIF,1
ESLRW,1
SQAEFEKAAEEVRHLKTKPSDEEMLFIYGHYKQATVGDINTERPGMLDFTGKAKWDAWNELKGTSKEDAMKAYINKVEELKKKYGI,1
YPPKPENPGEDAPPEELARYYTALRHYINLITRQRY,1
TSQDITSGMWFGPRL,1
TEGPGMWFGPRL,1
IDLSRFYGHFNT,1
TDGFAFSPRL,1
GLQMLRL,1
PRVYSFGL,1
YADAIFTNSYRKVLGQLSARKLLQDIMSRQQGERNQEQGARVRL,1
ANQYAFGL,1
LPRLLRLDSRMATVDFPKKDPTTSLGRPFFLFRPRN,1
SMDDLDDPRLMTMSFG,1
HADGTFTSDVSSYLNDQAIKDFVAKLKSGKV,1
NVYSFGL,1
AFDRIEGSGFGLD,1
TPQANSFGL,1
SAGATANLPLRS,1
GMDSLAFAGGL,1
ELNFQHAFV,1
MSQVEFEMACASLKQLKGPVSDQEKLLVYSFYKQATQGDCNIPVPPATDVRAKAKYEAWMVNKGMSKMDAMRIYIAKVEELKKKEPC,1
GSSSGLISMPRV,1
NFDELDRSGFGFH,1
ANEDEDAASLFAFGL,1
IPIYE,1
DRLYAFGL,1
SATAEEGSENAEIEESHLGNSRS,1
TWKSPDIVIRF,1
EVEEPEAPAPPAK,1
CFFRDCSNMDWYR,1
GGAGEPLAFSPDMLSLRFG,1
SFFDIQCKGVYDKSIFARLDRICEDCYNLFREPQLHSLCRSDCFKSPYFKGCLQALLLIDEEEKFNQMVEIL,1
EQLIPFPRV,1
GIVEQCCHRPCNIFDLQNYCN,1
APEESPKRAPSGFLGVR,1
VTPEQNMTQMDGSASDLLLRLMHMANRQQQSKHQFY,1
TLQPPSALRRRHYHHALPPSRHYP,1
GDSEVPGMWFGPRL,1
LPHYNFGL,1
GSSGGMIPFPRV,1
GASGLISFPRV,1
QLTFSPDWGKR,1
QTSFTPRL,1
GPETAFLRL,1
DPQQRIVTDETVLRF,1
DEGGTQYTPRL,1
GYGGYGGY,1
ALMGFQGVR,1
GRGASSNYVRL,1
SIEEYPYAYDEADRSSAAVFSEGDKPSDGYQQWKESLLNLLKMIEVNEYRNSKAMREASVYN,1
LYLKQADFDDPRMFTSSFG,1
ADKNFLRF,1
QSHISKARRPYIL,1
AWNKINGGW,1
DNFLRF,1
AWSALHGAW,1
SYSMEHFRWGKPIGHKRRPIKVYASSLEGGDSSEGTFPLQA,1
SFRNGV,1
SGFNSPSPRY,1
HSDAVFTDNYSRIRKQMAVKKYINSLLA,1
SVAALAAQGLLYNAPK,1
WKEMSVW,1
SDRPTRAMDSPLIRF,1
AYTYVSEYKRLPVYNFGL,1
DHLPHVYSPRL,1
DETPGFFIKLSKSVPRI,1
AAGMGFFGAR,1
HLRGRF,1
QDIDHVFMRF,1
AGPDTPSQFRKKWNKWALSR,1
RGPSGPLRF,1
APSMGFQGMR,1
ARTDNFVRL,1
ELGRF,1
CYFQNCPRG,1
RLCIPYIIPC,1
DVAHGILNKAYRKVLDQPSARRSPADAHGQGLGWDPGGSADDDSEPLS,1
SSGVSLLTSNKDEEQRELLKAISNLLD,1
QLTFTPGWGY,1
QEDAELQPRALDIYSAVEDASHEKELIEALQEVLKKLKSKRIPIYEKKYGQVPMCDAGEQCAVRKGARIGKLCDCPRGTSCNSFLLKCL,1
YSQVARPRF,1
DRVYVHPFNL,1
SGFYALRY,1
SLAYDDKSFENVEFTPRL,1
PRVYGFGL,1
EQLEQWAAILGAGWN,1
APNQPSDNMIRF,1
EEDFMRF,1
LVVYPWTQRY,1
STLFRF,1
YGGFF,1
CGNLSTCMLGTYTQDLNKFHTFPQTSIGVEAP,1
NNAEVVNHILKNFGALDRLGDVG,1
ALQHFSSLDTLGGMGFG,1
GTLLRF,1
NRPYSFGL,1
EHWSYGLQPG,1
QSRIGLW,1
KCNTATCATQRLANFLIRSSNNLGAILSPTNVGSNTY,1
DNTVRSKPLNCMNYFWKSSTAC,1
AELPQGLWVRPRLG,1
TPTQSSDFMRF,1
TPSYAFGL,1
SPATMGFAGVR,1
SVPFKPRL,1
GGPYSYGL,1
SGFYSNRY,1
QPSQDFMRF,1
QDPFLRF,1
HAEGTYTSDISSFLRDQAAQNFVAWLKSGQPKQE,1
DGVLNLYPFPRV,1
EVNFSPNW,1
EQWGREEGEE,1
EASAFGDIIGELKGKGLGGRMRF,1
STRAMAHLPLRL,1
APMSFVGMR,1
QYAPHHITEKRLGELLNPFYDPSQWKSSRFERKDPMDDSFLEGEEENGLTLNEKNFFPEYNYDWWEKKPFEEDVNWGYEKRNPVPKLDLKR,1
DQVKIVL,1
RVFNDDCPNLMGNRDLYKKVEWICDDCANIFRIPGMASICRKDCFFNEDFLWCVRATERTEEMMQLKQWVRILGAGRM,1
AAMDRY,1
AQYTNHFVHSLDTLPLRF,1
EDSGDGWPQQPFVPRL,1
EPGWNNLKGLW,1
QWSSMRGAW,1
NDWSKFGQSW,1
DEEHDTSEGNWLGSGPDPLDYADEEADSSYAEN,1
APSGFLDMR,1
YPYLIFPASPSSGDSRRLV,1
ADYLQLTRA,1
TQAQLLRVGCVLGTCQVQNLSHRLWQLMGPAGRQDSAPVDPSSPHSY,1
GYNRSFLRF,1
QTFFTNGRY,1
GSSFLSPSQRPQGKDKKPPRV,1
GGGGSSGLFAFPRV,1
WSLDGLARIEKLLSTSSSASAASPTRGQALNL,1
DPGFSSWG,1
ASWGEFQ,1
PDVDHVFLRF,1
GSLSNMMRI,1
SSADTLISDLLIGETESHPQTRYEDQLVW,1
SPVPEDDRGDNFVRL,1
CTCFTYKDKECVYYCHLDIIW,1
GSSGLIPFPRV,1
VFDSLGGYEVHGF,1
YFSPWG,1
GLLAFPRV,1
SEDRSAGNSLKDSSLFSSARF,1
KIPYIL,1
TKAQGDFNEF,1
LLTSL,1
QYDGRGSDMVEGPRVERMHPETSGGCVGAHCLTQNSEGPVGAMWFGPRL,1
ANQYTFGL,1
QAPRFF,1
SVSFQELKDWGAKNVIKMSPAPANKVPHSAANLPLRF,1
AAMRSFNMGFG,1
YAIVARPRF,1
GFVRI,1
APERNFLRF,1
PRDYAFGL,1
SENPSNSRNFIRL,1
GWQDLQSGW,1
YPNFQGLF,1
DFDMLRCMLGRVYRPCWQV,1
IGLRLPNML,1
EAHISKARRPYIL,1
QVAQMHIWRAVNHDRHHSTGSGRHSRFLTRNRYRYGGGHLSDA,1
QEEVLKACGREFVRLQIRICGSLSWG,1
NLDEIDRSNFGTFA,1
SDPFFM,1
SDPEAPGIWFGPRL,1
LRGEPIRFG,1
SYIPRPNFSCFSLVFPVGQRFAAARTRFGPTLVASWPLCNDSETKVLTKWPSCSLI,1
EVRYRQCYFNPISCF,1
EVNFTPNWGT,1
SIKPFSNLPLRF,1
AWQDLQGGW,1
APVHRGRGGWTLNSAGYLLGPVLHPPSRAEGGGKGKTALGILDLWKAIDGLPYPQSQLAS,1
ASGQDFMRF,1
QTFHYSQGWTN,1
FMGLSHFDEN,1
GRNDLNFIRY,1
DFDEIDRSSFGFA,1
GRGGASNYVRL,1
SANSNPALAPRE,1
RLRAS,1
PDKDFIVNPSDLVLDNKAALRDYLRQINEYFAIIGRPRF,1
DGAETPGAAASLWFGPRV,1
TGPSASSGLWFGPRL,1
VVYPWTQRF,1
GSSGLIPMPRV,1
QYWSYGVRPGGKRNIEPLVDSFQEMAKEIDQLAEPQHFECTLHQPRSPLRDLKGALESLMEEETGQKKI,1
YAGFL,1
QPPLPRY,1
FDEIDRSSFA,1
QKPDDVIKACGRELARLRIEICGSLSWK,1
HADGTYTSDVSSYLQEQAAKDFITWLKSGQPKPE,1
QPQPVFYHSTTPRL,1
HTEESGEKHNAFSN,1
VNLDPNSFRMSF,1
QLQSNGEPAYRVRTPRL,1
LLTSLRGPAESSGESAHPLE,1
PAFYSQRY,1
DAGHGQISHKRHKTDSFVGLM,1
SNAFDRNFMNF,1
DVKDGGADRGAHSDRGGMWFGPRI,1
YGGFMKSWEEDRQKPLVTLFKNIINKDEQQ,1
ENCCPRG,1
GLDLGLGRGFSGSQAAKHLMGLAAANFAGGP,1
APSDPRLRQF,1
SGQYSFGL,1
ASPYAFGL,1
APAHRGRGGWTLNSAGYLLGPVLPVSSKADQGRKRDSALEILDLWKIIDGLPYSHSPRMT,1
VGRPEWW,1
ASYYY,1
SDPDMLNSIVE,1
HVVNFTPRL,1
QHWSHGWYPGGKRALSSAQDPQNALRPPAGSPAQATYGLPSDALAHLEDSMPWEGRTMAWWSLRRKRYLAQTLLTAAREPRPVPPSSNKV,1
AAAMWFGPRL,1
APVTAGRAGALAKMYTRGNHWAVGHLM,1
AGGDSLYEPGKALASACQVAVEACAAWFPGPE,1
ELTFTPAW,1
VERYAFGL,1
MIEITCNDRLGKKVRVKCNPDDTIGDLKKLIAAQTGTKHEKIVLKKWYTIFKDPIRLSDYEIHDGMNLELYYQ,1
YSSQHLCGSNLVEALYMTCGRSGFYRPHD,1
DVAHGILNKAYRKVLDQLSARKYLQTLMAKSVGGNLDGGAEDDSEPLS,1
SYIENTCRGVMGNRDIYKKVVRVCEDCTNIFRLPGLDGMCRDRCFNNEWFLVCLKAANRDDELDKFKVWISILNPGL,1
ASSQHLCGSHLVDALYMVCGEKGFFYQPKT,1
SDYLQLART,1
SANQDFMRF,1
DADEGDTLANSSDLLKELLGTGDNRAKDSHQQESTNNDEDSTS,1
VYIHPF,1
SPALDDEHNDNFLRL,1
ETSFTPRL,1
KNKFEFIRF,1
AGSDPNFLRFG,1
EVAQMHVWRAVNHDRNHGTGSGRHGRFLIRNRYRYGGGHLSDA,1
GLSRSCFGVKLDRIGSMSGLGC,1
GGRSNDNFIRF,1
APLQPGGSPALTKIYPR,1
AAERSPSLRLRF,1
GLLDILKKVGKVA,1
LWVPGMV,1
AFDSLAGSGFGAFN,1
AMRNALVRFG,1
LAQSQFVGSR,1
SSPETMLSDVWWRENTENIPRSRFEDPPMW,1
SPLDEEDFAPESPLQ,1
WSKMDQLAKELTAE,1
SGLDSLSGATFGGNR,1
FPNKPDSPGEDAPAEDLARYLSAVRHYINLITRQRY,1
QHWSHGWYPGGKRALSSAQDPQNALRPPGRALDTAAGSPVQTAHGLPSDALAPLDDSMPWEGRTTAQWSLHRKRHLARTLLTAAREPRPAPPSSNKV,1
LPIYQFGL,1
FVPIFTYSELQRMQEKERNRGQKKSLGLQQRSEEVGSLDPTEAAEEEGKEVIKLTAPVEIGMRMNSRQLEKYRAALEGLLSEVLLSTQNAAK,1
QADPKTFYGLM,1
WREMSVW,1
NGFYN,1
SYSMEHFRWGKPVGRKRRPVKVYPNGVEEESAESYPAEI,1
GWQDMSSAW,1
SQEPPISLDLTFHLLREVLEMTKADQLAQQAHNNRKLLDIA,1
YLFADVSTIGDFFHSI,1
SGKWSNLRGAW,1
AVHYSGGQPLGSKRPNDMLSQRYHFGL,1
NVAAVARYNSQHGHIQRAGAE,1
ASMRGFQGMR,1
SAEFPDFYDSGEHLSPRHAAESEKERAGQGVLTEEEEKELENLAAMDLELQKIAEKFSGNRRG,1
QLGLQGPPQLVADLSKKQGPWMEEEEAAYGWMDF,1
GPSQPTYPGDDAPVEDLIRFYNDLQQYLNVVTRHRY,1
AYMYTNGGPGM,1
SEEPPMSDLTFHMLRNMHRAKMEGEREQALNRNLLDEV,1
DSPKNLMRF,1
APPGRSDVYPPPLGSEHNGQVAEDAVSRPKDDSVPEVRAA,1
GLHMLRL,1
SALNKNFIRF,1
SLQDNFMHF,1
FAESLPSDEEAESYSKEVPEIE,1
RPPGFTPFR,1
YAFGYPS,1
AAPDLDVRKCLPCGPGGKGRCFGPNICCAEELGCFVGTAEALRCQEENYLPSPCQSGQKACGSGGRCAVLGLCCSPDGCHADPACDAEATFSQR,1
HADGTFTSDVSSYLKDQAIKDFVDRLKAGQVRRE,1
QTFQYSRGWTNGKRDGHKRDELRDEVLERILTPCQLDKLKYVLEGKPLNDRLFVPCDYIEEEVNQPKRYKGERNHELFDVFQ,1
MRNYSFGL,1
ERAEECRTTQLRYHYHRNGAQSRSLCAAVLCC,1
CLITNCPRG,1
PAPESSFIRDP,1
DAEEDDSLANSSDLLKELLETGDNRERSHHQDGSDNEEEVS,1
KPNFIRF,1
LADDTPATPADQEMYRPDPEQIDSRTKYFSPRL,1
VVGQQDFLRF,1
RPSFNSWG,1
ADWNKFQGSW,1
AGPYSFGL,1
NQKTMSF,1
QLYAFPRV,1
SVGGSGGNDDNFMRF,1
HADGIFTSVYSHLLAKLAVKRYLHSLI,1
LPHNHGG,1
HSDAIFTQQYSKLLAKLALQKYLASILGSRTSPPP,1
MALQADFDRAAEDVRKLKARPDDGELKELYGLYKQAIVGDINIACPGMLDLKGKAKWEAWNLKKGLSTEDATSAYISKAKELIEKYGI,1
NPLQDTEEKSRSFKASQSEPLDESRQLNEV,1
AWSDLSQQGW,1
QHPGLW,1
SVGNRNFLRF,1
DVSDGSAERRPYTRMGSGGLKLHCQVHPANCPGGLMVT,1
GPAVFPAENGVQNTESTQE,1
QPGLW,1
VPRYAFG,1
SPMDRSKMVRF,1
EFVDPNLRF,1
GLLSVLGSVAKHVLPHVVPVIAEHL,1
HLIPFPRV,1
NAEDHHEHQ,1
SSPETLISDLLMRESTGNIPRTRLEDPSMW,1
NGGTSGLFAFPRV,1
SCKDGPCVTNRLEGWLARAERMVKNTFMPTDVDPEAFGHQHKELAA,1
SPASGFFGMR,1
TPQQDFMRF,1
EMPSLRLRF,1
SLRRSSCFGGRMDRIGAQSGLGCNSFRY,1
FSEEEKEPE,1
GPETLCGAELVDTLQFVCGDRGFYFSKPTGYGSNNRRSHHRGIVDECCFQSCDFRRLEMYCAPAKQAKSA,1
EIPGVLRF,1
SPYRAFAFA,1
APASGFFGMR,1
QLGLQDPPHMVADLSKKQGPWVEEEEAAYGWMDF,1
EWLGGRF,1
SEDRSTGNSLKDSSSFSPARY,1
DYDFVRFG,1
AFHSWG,1
YKSDSFYGLM,1
DRVYI,1
QGTTNIVCECCMKPCTLSELRQYCP,1
ADYLQLARA,1
QDDDYGHMRF,1
SGDWSSLRGAW,1
QANQDFMRF,1
SAPTEFERN,1
GNNFLRF,1
GLGNNAFLGVR,1
VRFSPWG,1
KPNPERFYAPM,1
EDYKGWMDF,1
PGVNFLRF,1
GIVEQCCHSTCSLFQLESYCN,1
SGYSVLYF,1
SVNTKNDFMRF,1
CYISNCPIG,1
KPRPHQFFGLM,1
AKSYNFGL,1
SFDRMGGTEFGLM,1
SPSAAPLIRF,1
YSGFLT,1
EITFTPNW,1
EEVFDDTDVGDELTNALESVLTDFKD,1
DNPSVGQFYGLM,1
QPSACNINDRPHRRGVCGSALADLVDPACSSSNGPA,1
TTQHTCSILSRPHPRGLCGSTLANMVQWLCSTYTTSS,1
PVKVYPNGVEEESAEAYPTEMRRDLMSDLDYPLLEEVEEELGGENEVLNLQE,1
AYSMEHFRWGKPVGRKRRPIKVYPNGVEEESAESFPMEL,1
SGNTADLYDRRIMAF,1
SYSMEHFRWGKPVGKKRRPIKVFPTDAEEESSESFPIEL,1
HDYMRF,1
GWNQLQGVW,1
EHWSGLRPG,1
SFDRIDGSAFGPHRH,1
GGARAFLTEM,1
RSLQNTEEKSRSFPAPQTDPLDDPDQMTED,1
SSPFYGHNFV,1
QPDDYGHMRY,1
WYKHVASPRYHTVGRAAGLLMGLRRSPYLW,1
RCLRPRSKELLCGSELVDILQFICGPTGFYVSKGASFRNRNRPGIVEECCFCGCSVAILESYCAAPVTNFTG,1
APLDRSALVRF,1
SLFDPSCTGVFDRQLLRRLGRVCDDCFNVFREPNVATECRSNCYNNPVFRQCMAYVVPAHLHNEHREAVQMV,1
TNIMGENRLNRNL,1
SSPEILDTLVSELLLKESTDQLPQSRYDPSLW,1
SLATLAKNGQLPTAEPGEDYGDADSGEPSEQ,1
QVSLKYPEGKMYSFGL,1
KNPYIL,1
EHWSYGLRPG,1
APVSTGAGGGTVLAKMYPRGSHWAVGHLM,1
DPGFNHAFV,1
DRSDNFIRF,1
RPKPQFFGLM,1
GFGDEMSMPGVLRF,1
AGEGLSSPFWSLAAPQRF,1
APACVGFQGMR,1
GYSKNYLRF,1
QPHPNEFVGLM,1
SGFYANRY,1
EPQYSFGL,1
ALNSLDGNGFGFD,1
SADLFGAPMYII,1
GPPRFI,1
QGLIAFPRV,1
FSEFLKQYLGMSPR,1
DEEDLLDLKCSSLHAAAPR,1
TKYVSKQFFSWG,1
QIYDTSCKGVYDRALFNDLEHVCDDCYNLYRTSYVASACRSNCYSNLVFRQCMDDLLMMDEFDQYARKVQMV,1
QPVVPAEATDPVEQRAQEAPRRQLRAVLRTDGEPRARLGALLARYIQQVRKAPSGRMSVLKNLQSLDPSHRISDRDYMGWMDFGRRSAEDYEYPS,1
NPMYNVVSNADLVDFKNLLDHLEEKMPLED,1
RPPGLW,1
ELEPEDEARPGGFDRLQSEDKAIRTIMEFLAFLHLKEAGALGRLPGLPSAASSEDAGQS,1
SCNTATCVTHRLAGLLSRSGGMVKSNFVPTDVGSEAF,1
GANDFMRF,1
SAIDRSMIRF,1
DAGDYGDPYSFLYRLIQAEARKMSGCSN,1
VAAGRPRF,1
QSLCPIDKAISEKIQEVTTSLVPGAVRIIGLDCRSVTSRGSLVTCPSGFAVTGCTCGSACGSWDVRAETTCHCQCAGMDWTGARCCRLHIQ,1
HSEGTFSNDYSKYLETRRAQDFVEWLMNS,1
ASPSAPLIRF,1
APLAFVGLR,1
VPGYSHSFV,1
PLPSKETIEQEKQAGES,1
NTGRVHRQPKVVIRNPFHAWG,1
QWLGGRFG,1
YGGFMRF,1
DPKQDFMRF,1
APSLGFHGVR,1
ELARERPEPARGPEGPDEGAATQADLDNGLVAEVEATSAEKKDEGPYKMEHFRWGSPAKDKRYGGFMTSEKSQTPLVTLFKNAIIKNAYKKGH,1
GFRGDAASRVAHGF,1
AYSNLNYLRF,1
FWRRDSRATAADFTKKDYTATLGRPFFLFRPRN,1
FSHDRNFLRF,1
FPPKPDNPGDNASPEQMARYKAAVRHYINLITRQRY,1
GSLTGLISMPRT,1
SNTDVLTPDLLFGEAEIRLQSRYDDPLMG,1
CSNLSTCVLGTYTQDLNKFHTFPQTAIGVGAP,1
SGPYSFGL,1
SEGHKNPKELPKFFEIKPRVDQFFIGSRY,1
DPHHDFMRF,1
SSSEQEEEDVRQVE,1
QLGLQGSPHLVADLSKKQGPWLEKEEAAYGWMDF,1
SQPSKNYLRF,1
AGGTGANSAMWFGPRL,1
AHKNFLRF,1
RNKFEFIRF,1
AEDYERQIMAF,1
HSEGTFSNDYSKYLEDRKAQEFVRWLMNN,1
MMLGPGIL,1
DDASDRAKKFYGLM,1
GIVEQCCHSPCSLYDLENYCN,1
SYWKQCAFNAVSCF,1
PNVDPYSYLPSV,1
DGSYKMHHFRWSRPPKD,1
NFLRF,1
TPPEEDLLGRFT,1
SAEFPDFYDSEEPVSTHQEAENEKDRADQTVLTEDEKKELENLAAMDLELQKIAEKF,1
PNFMRY,1
QNLIPFPRV,1
MPRVRSLVQVRDAEPGADAEPGADAEPGADDAEEVEQKQLQ,1
CIIRNCPRG,1
SADDSAPFGTMRF,1
TADDNNQVLEHRNLAQQLNIPIL,1
YAEAAGEQVPEYQALVRDYPQLLDSGMKRQDVVHSFLRF,1
PYDRISNSAFSDF,1
EILDEI,1
HKLDSFIGLM,1
ELTGERPAAAPGPDGLGFGLVAEAEAEAAAAEKKDAAEKKDDGSYRMEHFRWGTPRKGKRYGGFMTSEKSQTPLVTLFKNAIVKNAHKKGQ,1
GPSGFYGVR,1
GGETSGEGKGMWFGPRL,1
VNMEAGTRSHFPSLPQRF,1
YGGFL,1
SPAFNSWG,1
ASGGMRNALVRF,1
HWAWFK,1
SSRFVGGSRY,1
ELNFSPGW,1
DGGRNFLRF,1
GYGDRNFLRF,1
SGNGGIVLGNSELDARNPERFFIGSRY,1
MPFDLRRGSSDTDLDLQGHVDLGLDDLDKLRLIFPPGLIEEA,1
QRPPSLKTRF,1
TRSAWPLSAGAGSGLAGDHLSDISEPEPELDSR,1
ILLSASKSIRNSDDDMVFNTFRLGKAFQKEDTAEKSVIAPSLEEYKNDESS,1
SSEDMDRLGFGFN,1
ADLGFTHSFV,1
GIVEECCHKPCTIFDLQNYCN,1
NPISRSCEGANCVVDLTRCEYGDVTDFFGRKVCAKGPGDKCGGPYELHGKCGVGMDCRCGLCSGCSLHNLQCFFFEGGLPSSC,1
SANSSPLAARERKAGCKNFFWKTFTSC,1
PLDSVYGTHGMSGFA,1
TQSPTFDRQD,1
CGTATCETQRLANFLAPSSNKLGAIFSPTKMGSNTY,1
QPSFTHAFV,1
SCNTATCVTHRLAGLLRRSGGVVKDNFVPTNVGSKAF,1
SDIGISEPNFLRF,1
DAEEDDGLGNSSNLLKELLGAGDQREGSLHQEGSDAEDVS,1
EVNFSPTW,1
TDVDHVFLRF,1
YPAKPQAPGEHASPDELNRYYTSLRHYLNLVTRQRF,1
ELTFTPNWGS,1
APSGFMGMR,1
AMAPKFF,1
GAVPAAQWFSPRL,1
SSANPQITRKRHKINSFVGLM,1
NGSYPFGL,1
WCLESSQCQDLTTESNLLACIRACKLDLSLETPVFPGNGDEQPLTENPRKYVMGHFRWDRFGPRNSSSAGSAAQ,1
TPPQPADNFIRF,1
PPVTTRSKFTF,1
RMTLSEKCCQVGCIRKDIARLC,1
ISINQDLKAIADMLIVEQKQEREKYLADLRQRLLNK,1
GLGPRPLRF,1
FVPIFTYGELQRMQEKERNKGQKKSLSVQQASEELGPLDPSEPTKEEERVVIKLLAPVDIGIRMDSRQLEKYRATLERLLGQAPQSTQNQNAAK,1
KCSGKWAIHACWGGN,1
RLSEDMPATPADQEMYQPDPEEMESRTRYFSPRL,1
GGSTSRSGCFGHKMDRIGTISGMGC,1
NIASLARKYELP,1
TSWFKFQGSW,1
MPDQDPDRNSMLLNENSMLTEPIEPLNM,1
LRQSQFVGSR,1
TDRNFIRL,1
HSEGTFSSDYSKYLDSRRAKDFVQWLMST,1
CNTVTCATQRLANFLIHSSNNFGAIFSPPSVGS,1
HAEGTYTNDVTEYLEEKAAKEFIEWLIKGKP,1
DRVYHPF,1
QHWSYGLRPGGKRNAERLGDSFQEMDKEVDQLAEPQHLECTVHWPRSPLRDLRGVLESLIEEE,1
SIPNLPQRF,1
DEDTAGLPGRQLPPCTSLLVGLMPCAAARS,1
KLPTGYQFGL,1
GMYGGY,1
ARPYAFGL,1
SVAKPQTHESLEFIPRL,1
GSGFFGMR,1
SLFDPSCTGVFDRELLGRLNRVCDDCYNVFREPKVATECRSHCFLNPAFIQCLEYIIPEVLHEEYQANVQLV,1
HIGSLLR,1
LADDMPATMADQEVYRPEPEQIDSRNKYFSPRL,1
AAAAPGAAGGAQLPLGNRERKAGCKNFFWKTFSSC,1
QSRPSIVCECCFNQCTVQELLAYC,1
APGPYAFGL,1
GHDFDQDDVNSSGEKDESLVRI,1
SPTSQQHNDAASLSKIYPRGSHWAVGHLM,1
FDDFLRF,1
GASGLIPFPRL,1
HSQGTFTNDYSKYLDTRRAQDFVQWLMSTKRSGGIT,1
NVGTLARDFALPP,1
DDSSPGFFLKITKNVPRL,1
GQERNFLRF,1
QPSFGHSFV,1
VLSMDGYQNILDKKDELLGEWE,1
NVGTLARDFQLPIPN,1
NPFHSWG,1
YPPKPENPGEDASPEEMTKYLTALRHYINLVTRQRY,1
LSITNDLRAIADSYLYDQHKLRERQEENLRRRFLEL,1
ALDDLEGVGFGGML,1
QLDPMLFSGRL,1
APVMGFQGMR,1
ELTFTPNWGT,1
SSGQYAFGL,1
FVSRHLCGSNLVETLYSVCQDDGFFYIPKD,1
HADGTFTNDMTSYLDAKAARDFVSWLARSDKS,1
SQAEFEKAAEEVKNLKTKPADAEMLFIYSHYKQATVGDVNTERPGMLDLKGKAKWDAWNELKGTSKESAMRAYVDKVEELKQKYGI,1
SSKPYAFGL,1
GAAPKFF,1
VREFV,1
RSTQGYGRMDKLLATLMGSSEGGALESASQHSLE,1
PFCNAFAGC,1
ASAYRYHFGL,1
MILPSLADLHRYTMYD,1
PFCNSYGCYNS,1
YPAKPASPRDGAPPEELAKYYSALRHYINLITRQRY,1
NHLIGFDDPRLFSSSY,1
FDEIDRSGFA,1
ALNSLDGQGFGFE,1
PDNFMRF,1
APFIFPGPKV,1
YPPKPENPGDDAAPEELAKYYSALRHYINLITRQRY,1
TNEIVEEQYTPQSLATLESVFQELGKLTGPNNQ,1
SALDKNFMRF,1
SSMISPSYQFEDALGLSDALERA,1
KPNPERFYGLM,1
AYGFRGPGPQL,1
DGNRNFLRF,1
PAASESGFRRDP,1
ALNSVAYERSVMQDYE,1
SGQIFAQ,1
YGAHVFLRF,1
QSSFHSWG,1
GWMDF,1
EHYSLEWKPG,1
STNWSSCPTSAW,1
SPPSQDFMRF,1
EEDYDERPYMQPF,1
QGRFG,1
APQGNFLRF,1
QPYVALFEKCCLIGCTKRSLANYC,1
ELSAERPLNEQIAEAE,1
QVTFSKGWGP,1
ETNFLRF,1
YKIFEPLRESNL,1
QLASDDYGHMRF,1
QHWSHGWFPG,1
PHGGSAFVF,1
VAPAQHLCGSHLVDALYLVCGDRGFFYNP,1
APLSGFYGVR,1
FPQSFLPRG,1
GGKNDNFIRF,1
ASSSAQLKPFQRIDGTSDQKAVIGAMLAKYLQTRKAGSSTGRYAVLPNRPVIDPTHRINDRDYMGWMDF,1
LPVYNFGI,1
DVSASTTVLPDDFTAYPVGKFFQSDTWKQSTQRL,1
SADPNFLRFG,1
SSGGGEGSGMWFGPRL,1
GWRPSSREDSLEAGLPLQV,1
ELRPEDDMKPGSFDRSIPENNIMRTIIEFLSFLHLKEAGALDRLLDLPAAASSEDIERS,1
NFEHSCNGYMRPHPRGLCGEDLHVIISNLCSSLGGNRRFLAKYMV,1
RSLEGSSSPVTSLTRGRSLN,1
AYSYVSEYKRLPVYSFGL,1
ARAYDFGL,1
GFKNVEMMTARGF,1
GLGNNAFVGVR,1
PAPDSSFLRDP,1
NPYPGLW,1
RSAQGMGKMERLLASYRGALEPSTPLGDLSGSLGHPVE,1
AVALPRI,1
RRINNDCQNFIGNRAMYE,1
MDNNFMRF,1
SASFVRF,1
SMRRSSDCFGSRIDRIGAQSGMGCGRRF,1
GWTLNSAGYLLGPHAVGNHRSFSDKNGLTS,1
FYAPFSPRL,1
TPLGTMRF,1
SFFTLECKGVFDAAIFARLDRICDDCFNLFREPQLYTLCRAECFTTPYFKGCMESLYLYDEKEQIDQMIDFV,1
SDYLQLARG,1
GNTKKAVPGFYGTR,1
GIVDQCCNNICTFNQLQNYCNVP,1
QHGLW,1
AGWSSMRGAW,1
IVLSLDVPIGLLQILLEQARARAAREQATTNARILARVGHC,1
GSPRFF,1
APAMGFQGVR,1
WYGHGDFDEIDNVGWPGFT,1
ADFAFNPRL,1
NSSSGSAHQKREDVAAGEDRGLLPEGGPEPRGDGAGPGPRE,1
LEGSFLGGSEAGERLLQQGLAQVEA,1
LVPFRPRL,1
AEEENTGGLPGVQLSPCTSPPVGLIPCSAPWS,1
ITGQGNRIF,1
DQAAALPYYLYE,1
SENRNFLRF,1
GKRSQEEPESYEWGTVQIYDKRR,1
GSTGLISFGRT,1
EVNFTPSW,1
FANQHLCGSHLVEALYLVCGERGFFYTPKA,1
TGWSVFQGSW,1
QVFDQACKGIYDRAIFKKLELVCDDCYNLYRKPKVATTCRENCYANSVFRQCLDDLLLINVVDEYISGVQIV,1
FTSKNYLRF,1
QLDMTVSEKCCQVGCTRRFIANSC,1
SGPSYDEKEQENEDGNSVRL,1
HPLQDTEEKPRSFSTSQTDLLDDPDQMNEDKRHSQGTFTSDYSKFLDTRRAQDFLDWLKNTKRNRNEIA,1
ISLMKRPPGFSPFR,1
DAEDGDALANSSDLLKELLGTGDDRDRENHHQEGGDSDEGVS,1
CLITNCPRL,1
PRQFV,1
KPRPDQFYGLM,1
TPFTPRL,1
QNPGLW,1
LASLKSDTVTPLR,1
QELHVPEREA,1
QLVSFRPRL,1
SVPGVLRFG,1
CSCNSWLDKECVYFCHLDIIW,1
MPRVRSLFQRQKRTEPGLEEVGEIEQKQLQ,1
SGFYCNRY,1
QLAFRPML,1
NRVYIHPFHL,1
LPEQDFMRF,1
IPEPYVWD,1
LVRVQETKEGTTRLLNSCEYKGRLSKARAGPAPDHQAEASTVTP,1
KPMRLRW,1
QVNFSPNW,1
YPSGFLGMR,1
GPPYSFGL,1
SGKPTFIRF,1
RVINDDCPNLIGNRDLYKKVEWICDDCANIYRSTGMASLCRKDCFFNEDFLWCVRATERSEDLAQLKQWVTILGAGRI,1
APAEHRFSFGL,1
GPPPGLW,1
AVSEHQLLHDKGKSIQDLRRRFFLHHLIAEIHTAEIRATSEVSPNSKPAPNTKNHPVRFGSDDEGKYLTQETNKVETYKEQPLKTPGKKKKGKPG,1
GSTGLIPFGRT,1
KHKNYLRF,1
GRAENFLRL,1
SADPYRFMTVPT,1
DLDSVLDPSIF,1
PFRGQGGWTLNSVGYNAGLGALRKLFE,1
DVSTPPTVLPDNFPRYPVGKFFQYDTWKQSAQRL,1
ASMRSFNMGF,1
GKTDNFIRF,1
QGLIPFPRV,1
GSNDFMRF,1
QCSLDSVMDKKIKDVLNSLEYSPSPISKKLSCASVKSQGRPSSCPAGMAVTGCACGYGCGSWDVQLETTCHCQCSVVDWTTARCCHLT,1
LYFAPRL,1
AWSNLQGAW,1
EIGDEENSAKFPIG,1
SVDEHHGHQ,1
QYTSELEEDE,1
GFSKLYF,1
GGKQDNFIRF,1
DGTLDIIGKKKVKELLAHQDNYPSAVRKTLSCTNVKSMSKWASCPAGMTATGCSCGFACGSWEIQNENICNCLCLIVDWAYARCCQLS,1
ACNTATCVTHRLADFLSRSGGIGNSNFVPTNVGSKAF,1
EGFYSQRY,1
ALSDTELRQCLPCGPGGQGRCFGPSICCADALGCFVGTAEALRCQEENYLPSPCQSGQKPCGSGGRCAANGVCCNDESCVIEPECREEFHRPV,1
YRQSMNQGSRSNGCRFGTCTFQKLAHQIYQLTDKDKDGMAPRNKISPQGY,1
ELHVNKARRPYIL,1
RSNNFTPRI,1
AMRNSLVRF,1
QFYRI,1
SMVARQIPQTVVADH,1
GMSAFSF,1
TPLRGFEGETGHPLE,1
EDSKEAEKSGEATDGARPQALPEPMQESKAEGNNQAPGEEEEEEEEATNTHPPASLPSQKYPGPQAEGDSEGLSQGLVDREKGLSAEPGWQA,1
AGTADCFWKYCV,1
GGNDFMRF,1
SCNRATCVTHKMAGSLSRSGSEIKRNFMSTNVGSKAFGQRSRDLQK,1
AKDNFLRF,1
QLNFSPGW,1
EAAGLLAFPRT,1
SANPALAPRERKAGCKNFFWKTFTSC,1
QTLIPMPRL,1
AGGSGGVGGEYDDYGHLRF,1
QVFDQACKGIYDRAIFKKLDRVCEDCYNLYRKPYVATTCRQNCYANSVFRQCLDDLLLIDVLDEYISGVQTV,1
YAEGTFISDYSIAMDKIRQQDFVNWLLAQKGKKNDWKHNLTQ,1
QLGLW,1
SPHYNFGL,1
NKLLYPSVI,1
ASPYGFAFA,1
NDDPPISIDLTFHLLRNMIEMARIENEREQAGLNRKYLDEV,1
VQNLATFKTMMRY,1
SCNTATCVTHRLAGLLSRLGGVVKSNFVPTNVGSQAF,1
ARPVKEPRSLSAASAPLVETSTPLRL,1
ERPYSGL,1
VPSFGHSFV,1
EDPFLRF,1
GPRTYSFGL,1
NFDEIDRVGFGSFI,1
VSHNNFLRF,1
SVLTTLKTDGGLRIFKDAPNEF,1
GSWPAARGVQ,1
GYGGY,1
TQWSKFQGSW,1
SCLEYGHSCWGAH,1
GGPQGPLRFG,1
NPGSQDFMRF,1
NPVYGSVSNADLMDFKNLLDHLEDKMPLED,1
GFYGG,1
DEGHDPVHESPVDTA,1
HADGSFTSDFNKALDIKAAQEFLDWIINTPVKE,1
ESKDQLSEDASKVITYL,1
DDWSQFQGSW,1
HQRSTGF,1
FYSQRY,1
HSDGIFTDSYSRYRKQMAVKKYLAAVLGRRYRQRFRNK,1
PMSMLRL,1
DVSTSQAVLPDDFPRYPVGKFFQYDTWRQSAGRL,1
ADDGAPLIRF,1
EQFEDYGHMRF,1
AAADPNFLRF,1
QLNYSPDW,1
TKPRPGP,1
AYNQSFLRF,1
AVLDLDMRKCLPCGPGGKGRCFGPSICCADELGCFVGTAEALRCQEENYLPSPCQSGQKPCGSGGRCAATGICCSPDGCRTDPACDPESAFSER,1
SEESQEKEYP,1
APQAGFYGVR,1
GWTLNSAGYLLGPHAIDNHRSFNEKHGIA,1
SGAPQPVARYCGEKLSNALKLVCRGNYNTMF,1
EVPNFQADNVPEAGGRV,1
VPNSVANLPLRF,1
YTSIYMSHQCCFRGCSRRSLTAAC,1
EIQPEEDIKAGNIGRPLADENIVRTVVEFLTYLHLKEAGALDNLPSPEETNES,1
DLLEALSQDQKLLMAKFLPHIYAELANREGNWHEDAALRPLHDHDYPGWMDF,1
DVAHEILNEAYRKVLDQLSARKYLQSVVARGAGENLGGSAVDDPAPLT,1
ECSQDCATCSYRLVRPADINFLACVMECEGKLPSLKIWETCKELLQLSKPELPQDGTSTLRENSKPEESHLLA,1
KCNTATCATQRLANFLVHSNNNLGPVLSPTNVGSNTY,1
DPAFNSWG,1
DDSSNVETFDTEEEATTDSTLRV,1
GAMPFSGGMYG,1
SVSNIPESIGF,1
QDVRQQLRMFDDLVQLRKLIETPSVYPSEEDEARLYD,1
ELEPEDEARPGSFDRPLAENNVVRTIIEFLTFLHLKDAGALERLPSLPTAESAEDAERS,1
TSPCPPVENPTGHQRPPCATRSRLIPAPRGSVLVQREKDMSAYNWNSFGLRY,1
FSGTYNFGL,1
SLFDPSCTGVFDRQLLRRLRRVCDDCFNVFREPNVSTECRSNCYNNEVFRQCMEYLLPPHLHEEHRLAVQMV,1
NTLFRF,1
AFSSWG,1
KVVHLRPRSSFSSEDEYQIYLRNVSKYIQLYGRPRF,1
SSKMMRDSRCFGRRLDRIGSLSGLGCNVLRRH,1
ACDTATCVTHRLAGLLSRSGGVVKNNFVPTNVGSKAF,1
HIDGIFTDSYSRYRKQMAVKKYLAAVLGKRYKQRVKNK,1
DFDDYGHMRF,1
KSAYMRFG,1
RALDQNLLVDEHLMRF,1
VAAKWKDDVIKLCGRELVRAQIAICGMSTWS,1
ASGGQDFMRF,1
TSMGFQGVR,1
NGGTADALYNLPDLEKI,1
RNFLRF,1
WANQVRFG,1
APPQILKSQSLIPFPRV,1
PVKVYTNGVEEESSEAFPSEM,1
GVMDFQIGLQ,1
GQAPRFF,1
HVDAIFTTNYRKLLSQLYARKVIQDIMNKQGERIQEQRARLS,1
AVLHLAINEFQRL,1
QHWSYGLRPGGKRNAKNVIDSFQEIAKEVDQPVEPKCCGCIVHQSHSPLRDLKAALESLIE,1
PTKETIEQEKRSEIS,1
SYPDTAVRQCIPCGPGNRGNCFGPNICCGEDLGCYVGTPETLRCVEETYLPSPCEAGGKPCSSGGRCAAPGVCCSDDTCVVDSSCLDEDSERR,1
NSELINSILGLPKVMNDA,1
SPFRYLGAR,1
FSQAQGKVDMPLPRQRTSSRSSERWAPKS,1
ASGPGPSHKIKDRDYLGWMDF,1
AGESSNEAKGMWFGPRL,1
DENRNFLRF,1
VPSAGDMMVRFG,1
AFDSLAGSGFSGFD,1
NCNKYGNACFGAH,1
ECSQDCATCSYRLARPTDLNPLACTLECEGKLPSLKTWETCKELLQLTKLELPPDATSALSKQEESHLLA,1
ELASELLAAAEEEEEKAQEVMAEEEEEQKQLLQEKKDGSYKMKHFRWSGPPASKRYGGFMKSWDERSQRPLLTLFKNVINKDGQQQK,1
HWSHDWKPG,1
EPFDDYGHMRFG,1
QADPNAFYGLM,1
FNFNPFGLRF,1
NYWRQCAFNAVSCF,1
QPNPDEFVGLM,1
RRPYIL,1
SAEPQIDYEDMSADLEEIPVFIQ,1
SMSMLRL,1
GQPGYGNAFL,1
SYGWAEGDTTDNEYLRF,1
GNSYRSFFNPNEYTVVE,1
SDPSVPLRPEEDELIDQ,1
SSADTLISDLLIGETESRPQTRYEDHLAW,1
DHVPFLRF,1
GGARAFYDE,1
EAAGLIPFPRVG,1
VPSAADMMIRF,1
TSRSYSINPYSFGL,1
AMGMLRM,1
QLNFTPWWGKRALGAPAAGDCVSASPQALLSILNAAQAEVQKLIDCSRFTSEANS,1
TYKKPPFNGSIF,1
YSFLPRL,1
APEKWAAFHGSW,1
SSPETLISDLLMKESTENAPRTRLEDPSMW,1
QIFDPSCKGLYDRGLFSDLEHVCKDCYNLYRNPQVTSACRVNCYSNRVFRQCMEDLLLMEDFDKYARAIQTV,1
FVNQHLCGSHLVEALYLVCGNDGFFYRPKA,1
APAHQGRGGWTLNSAGYLLGPVLHLPQMGDQDRKRETALEILDLWKAIDGLPYSHPLQPS,1
GGGGEGEQFDDYGHMRF,1
QCWDSSHCKDLPSEDKILECIHLFRSGLQDESPEPRSAAQQSTEESLSLGILLAALTSGERALDADPEPHSD,1
AYFSPWG,1
ERIGIW,1
EHWSDYFKPG,1
APTGHQEMQ,1
NNANVFYPWG,1
QPNPNEFFGLM,1
QPLPDCCRQKTCSCRLYELLHGAGNHAAGILTL,1
HADAIFTSSYRRILGQLYARKLLHEIMNRQQGERNQEQRSRFN,1
QPSYTHAFV,1
GNNRPVYIPQPRPPHPRL,1
ASQYTFGL,1
RLHQNGMPFSPRL,1
SNFDGREASLPRF,1
SDPYLFR,1
QSSCSLSSRPHPRGICGSNLAGFRAFICSNQNSPS,1
EPSKDAFIGLM,1
YPGPQAKEDSEGPSQGPASREK,1
SLRVQQRSKAAGRLEPQEVMEEEENGVIKLTAPVEIGVGLSSRQLEKHRAVLEALLSEALPPPSLVFGGQRPVTAAWE,1
NVPIYQEPRF,1
EVNFSTGW,1
TRSAWPGTTGSGLLEDPQPHTSPTSTSLEPSSR,1
FKGLSHFDEN,1
ANLMRF,1
MPPKPDNPSPDASPELSKYMLAVRNYINLITRQRY,1
GKSDNFIRF,1
SIGDQPSIFNERASFTGLM,1
QIRYHQCYFNPISCF,1
SAEPNFLRF,1
YGGFMRSL,1
YAFQVVG,1
GWTLNSAGYLLGPHALDSHRSFQDKHGLA,1
SLLADTQSGHRW,1
GKPYAFGL,1
FYANRY,1
APMGFQGMR,1
QPMPHADPTGPRAQQAEEAPRRQLRAVPRVDDEPRAQLGALLARYIQQARKAPSGRMSVIKNLQSLDPSHRISDRDYMGWMDFGRRSAEEFEYTS,1
EASGSITCECCFNQCRIFELAQYCRLPDHFFSRIS,1
FLPLLAASFACTVTKKC,0
QVHHQK,0
EHDPSAPGNGYC,0
GIPCAESCVYIPCITAALGCSCKNKVCYRN,0
MKRLIPVALLTALLAGCAHDSPCVPVYDDQGRLVHTNTCMKGTTQDNWETAGAIAGGAAAVAGLTMGIIALSK,0
DVPASIDWREYGYVTEVKD,0
FWGAVWKILSKVLPHIPGTVKWLQEKV,0
SGSNLTTV,0
NVRFDLSGATSSSYKTFIKN,0
LTPNTLSDLNSK,0
QQDYTGSHFDF,0
CCHSSWCKHLC,0
KCGVSIPYKISPSTDCSSVK,0
GLFDAIGNLLGGLGL,0
GFFDLAKKVVGGIRNALGI,0
ASEPTALGLPRIFPGLM,0
FLPIPRPILLGLL,0
MGQKTALSNFLKPFNSNAGKVVPGWGTTPLMGLFMGLLFVFLLIILQIYNSTIVLDAFSVNVGG,0
GYEVIDTIK,0
PSYKLHYFDLRAAGE,0
MGQEQGIPWIL,0
RLCIPVIFPC,0
RIRKPIFAFPRF,0
VIGGSDTTIGQYPHQLSLR,0
MKQGINGFARRGRL,0
MKLRPLHDRIIVKRLEGEEKTAGGLFIPDTAKEKPQKGEVIAVGNGKKNDEGKCAPLDVKVGDSILFGKYAGTEVKVDGDEFLMMREDDVLAVIEK,0
QDGKSSFQKEGGGVR,0
QQDYGTGWFDF,0
LAGTVPLANK,0
SRDIVSVYDD,0
EITKFPKDQQNLIGQG,0
AGLLDILGL,0
SNTSHQDFHLFYGDNGMPVH,0
GFCAQKGIKCHDIHCCTNLKCVREGSNRVCRKA,0
ADEGFSATVRNGAV,0
MRFLFFLPPSFITSFLYLALYSFPVPYCII,0
FIGGIISFFKRLF,0
DVIGPQAQVTLANQD,0
MLDTKFDELMEFPASFPFKIVGDASDTLADRVVAVAQSLAPGDYAPTTKASSKGTYNSVTIRITVTSKEHIEKLYTQLAAIEGVKRVL,0
VSDSQNSQDGLDPE,0
MSQKLSFFQQNTRNGSGASRTLVIKPPTIQPKPENSISKTFSK,0
EACYNAGTFCGIKPGLCCSAICLSFVCISFDF,0
MEQRKCYFCGKMLEPGTGKLYVKKDGSTYFMCSSKCMSNFALGRLPRRTEWTEKGKIQLKKA,0
MLVGKKVQTF,0
RVSNLTIHPLRNIIDLRYVG,0
MYVLQEINPGITS,0
MKNTVKLEQFVALKEKDLQKIQGGEMRKSNNNFFHFLRRI,0
TAIRKCNPRT,0
LEIADLAQYVVDLTAR,0
QPPTPPEHRFPGLM,0
MALPLLEYKPT,0
VPATIPLTITNDSGG,0
DGDDYKFGHFRWSVPL,0
MQNSSNIFTTDKAANEFSFPDLKNFRYNDRTFLR,0
MFAEGRIPLWIVGVIAGMGVIAVVGLFFYGAYAGLGSSM,0
YSKSLPLSVLNP,0
GRPPGFSPFRID,0
MKYNPRVSSNRRKS,0
LNLKALLAVAKKIL,0
ATQRLPPLSTEPNR,0
FLAKKLAKHLAKKQAES,0
GIGSALANAAKLVAGIV,0
MKKVHVLGAGTMGAGI,0
AYGGDGGAYYEWSPA,0
GSSFCDSKCAVRCSKAGVQD,0
MVRSVWKGPFVDGYLLGKAEKVRASGRNEVIKIWSRRSTILPQFVGLTFGVHNGNKHIPVSVSEEMVGHKFGEFAPTRTYYGHGADKKAKRK,0
YGEPKLDAGV,0
EKDCYHERDC,0
GSVIGCGETCLRGRCYTPGCTCDHGICKKN,0
AVPAVRKTNETLD,0
GPLTILHINDVHAAFEQFNT,0
GFIMEFAENLILRRMEDPK,0
PGLGFY,0
NEEEKVKWEPDVP,0
VVAFERAK,0
MKLAILGAGCYRTDAASGI,0
EWCGTNSDCGEGECCTGGSFNRH,0
VSTLLPVVAAEEPA,0
QRLGHQWAVGHLM,0
AFVQEPLPY,0
NLFQFGEMILEKTGKEA,0
MASCCICIRPRHLPVTTVTIVTLSEERIRNVTHPQKPFQKTRSPAFVVQPMERAPLFEIGATRADTWPEGLIPRARSGP,0
NQEGLFGGR,0
ADVPGNYPLDKNGNRYY,0
ADGSDPVGGESLPDTGGAR,0
GCCSRPPCIANNPDIC,0
VAGKSFVPIALGRQSKQTPF,0
GLFDIVKKIAGHIVSSI,0
YYEEYVDGQGMVVR,0
KPWERL,0
MASKEYSMLPLCSPSIVSHTSGGSIVLKGSS,0
PGGGVSGALSSLVQSLVR,0
RPLSWLPK,0
NAIPGNYYRWPYAKVPYVID,0
AQGDNPDKDTDGN,0
MERMVVDSKVMVGKPVIKGTRIPVDANVRIRNLQFY,0
APFSLATA,0
MKRIYQYFSLLSFTFSLYFGWLAYHHLAAEDMDQMYLNVSYCALFLSVMVFTFGMRDRKKTDKS,0
DWTYTTWLWWWWWWT,0
DLYGNIVLSGGSTMF,0
MRKSYEVGISPKINLCNSVEVLTNSFGTVISGRQV,0
MGNISPLTGTNGEIR,0
SCNCVCGFCCSCSP,0
LECNKLVDIAYITCPAGKNL,0
VKSTGRADDDLAVKTKYLPP,0
GFLSALKKYLPIVLKHV,0
SVINTQIKPFKTQAFKNGKFIEVTE,0
QNQPPDFANPFIIPQNAA,0
ADGSDPAGGEFLEAGGGVR,0
NPVVRITNGAIRGQN,0
MSMTSDDIIYVVFALGLVVSFGLGAITAGVFR,0
SGADTTFLTK,0
RRWCFRVCYKGFCYRKCR,0
EAEPHSRI,0
PATVNADECSGCGTCVDECPNDAITLDEEKGIAVVDNDECVECGACEEACPNQAIKVEE,0
RGSNLTIHPLRNTNDIDY,0
QKKDRFLGLM,0
AECMVDETVCYIHNHNNC,0
QDGPIPP,0
MKAPSGAFLLGVYSMDTHILR,0
QASTDYDDEDESTVPEAR,0
ANDPQCLYGNVAAKF,0
RCKTCSKGRCRPKPNCG,0
CSKGGVGRGYGIG,0
DVNGGWSCATTVDAKFRPNGCTD,0
GLLGFVGSLLGGLGI,0
MKVRASVKKLCRNCKIVKRNGVVRVICSAEPKHKQRQG,0
MESTSPALSVSIAVLTALLGLTGFGIYTAFGPPSRQLDDPFDDHDD,0
SLEDIEHEVEELLR,0
KVFFEERFEDGWENRWVKKD,0
MMNLLSGWFYILMFYIGVNFPYWMGWSTTAFGFYTP,0
MAKRGSTLLVKLASSAGTGYFYVKKRNPKKLINKLSFRKYDPVARKHVLFTEEKLR,0
MTLMSGEGQGKSSSVKRVPTIAATLVFFFSNSFLPASR,0
VIGGVECDINEHRFL,0
MKAIFVLKGWWRTS,0
QSAPGNEAIPP,0
LQVDYLVLEVA,0
MQIKREAVCGTLQSNDCLVRIVPSEKLELDLKSSVLNEFGAQIKKTVQEVLDEFEVKNAKLFIEDKGALDCTIKARVETALRRANEK,0
MHSNNSRQILIPHQNENMFLTELY,0
MDAAHLSDLDIDALEISEFLDESRLEDSEVVAKVMSASCTTCECCCSCSS,0
NSTMNSLLQLGR,0
DLIDVKCISSQECWIACKKVTGRFEGKCQNRQCRCY,0
MPRRRRASRRIRRRRRPRVSRRRRGGRRRRR,0
MVKTVAVMVGSLRKDSLAHKLMKVLQK,0
MIEPLVLGIVLGLIPITLAGLFVAAYLQYKRGNQFGLD,0
ALPTYTPESPADATR,0
DLDVNVFNR,0
VKRCCDEEECSSACWPCCWG,0
SPVAASYRATAGLAGKALDF,0
SIPLPSLNFEQFGNMIQCTI,0
IVPFLLGMVPKLVCLITKKC,0
MSRMVQCVKLGHEAEGLDRPPYPGALGARIYQEVSKEAWQGWLKHQTMLINEYRLSPIDPKSRTFLEKQMEAYFFGDGAQSPEGYVPPAPQDS,0
MEGMIRIKLYRSPICTPDKQKRVVKGLGLRKVNQIVERPDTPVFRGMVKKIPHLLMVVE,0
CYFNNCPVG,0
VSVVGTVR,0
MSDINGTRLPWLATCPCVGEDVNPTLSRGER,0
GEAANVMGAPK,0
DLFQVIKEKLKELTGGVIEGIQGV,0
SGTSPLLPAITFILD,0
AFEIINDIK,0
MHLWQLVLLVILFFGAAFGADLEGSGSGDVSTDAKEAILNAQTLLDAVSSDGSGADVEASGEDVQTFFF,0
FAQLLNDLK,0
GICPRILMECKRDSDCLAQCVCKRQGYCG,0
RYGRSYAMSHMPMSRMGRKMYQNYMYRRMQATKMMQYH,0
LTNKTARFLVNGTSIPEVDFDVGE,0
LLSTLTDTSIKEAVATDKAP,0
MAWTAPKITEVPLGAEINSYVCGQKK,0
GLVSGLLNSVTGLLGNLAGGGL,0
GAPMFV,0
NDQCLVIEIL,0
DRVYIHPFHLLVYS,0
DTHKSEIAHRQPDLG,0
ENFFKEIERAGQRIRDAIISAAPAVETLAQAQKIIKGGD,0
GLLSKVLGVGKKVLCGVSGLC,0
NQCPQAYSYAK,0
CCDRIACRFGCVPCCT,0
SWANLNTFGR,0
LGPALITRKPLKGKP,0
QWPRPQIPP,0
VPPKGVSM,0
ADDINPKEECFFEDDYYEFE,0
TALPQLRLPATSRILCAGVLEGGIDTCNR,0
IDASTATGDSPVFTATIK,0
FLSLIPAAISAVSALADHF,0
MCIDACIYVNDDVVYSYKCKNVWRGKFDATKVSAFEVDYEYESGYGNYDLMCTCATQMVSARHGPSNSRKKRAARELR,0
MIFTKINVIFIKNPNRKKKKCKIVNVNITMGF,0
SNDVSWHEWKRMYNKEYNGA,0
MATIYKVTLINETEG,0
MTTDD,0
MSKDPKNPGVELNRTSLYMGLVLVLVIILLFSNYFIN,0
MQLVLAAKYIGAAIATIGLIGADDKTSNM,0
LNLGVGAYREYLPIEGLAAFNKVATVQGLSGTGSLRQALYDSISSK,0
AVNIPFKVKFRCKAAFC,0
CVTGAPGCVGGGRL,0
GGCCSHPACQNNPDYC,0
RGDKDIFTVHDILKARGEI,0
VCCPFGRCHQICQCCER,0
SLLEFGMMILEE,0
ANPEVRNNLP,0
MKRTFQPNRARRKKKIGFRARMDTSGGRRILSARRRKGRKTISA,0
AVNGGPATLPEYQI,0
YCSYTMEA,0
GFPGKSLIF,0
LGSPFGGFDTLGSNR,0
SNDIYFNFQR,0
PCCSKLHDNSCCGL,0
MAITKERKNEIIAEYRTHESDTGSPEVQVAVLTAEINALNTHLRTHKKDFHSERGLLKMVGRRRHLLKYLRETDVQRYRELINRLGLRR,0
NGWNENKNFILLGAVTWAILVFIVGSLNSYVI,0
GIFTFEDESTTTVAPAKLYK,0
FLSGLVGALAKMF,0
PSPPGFSPFR,0
VAAIQTVLG,0
MKVFVLNGPNLGRLGKREPA,0
IVSYPDDAGEHAHKMG,0
GVGDLIRKAVAAIKNIV,0
ADAKS,0
MKKSEDYSS,0
TICYNHLTIRSEVTEICIICDDDYYF,0
SEVGALVFQPKTRF,0
MLFKKISKFVGWLSGSSVGSITSKTHE,0
YDPSPLQDFCVAD,0
MKITPLGDNVVIKKLLATA,0
AAALSQAADNLR,0
CPCGRRRCCVRGLNVYCCF,0
IVRRACCSDRRCRWRCG,0
SPTCIRSGQPCPYNENCCSQSCTFKTNENGNTVKRCD,0
TVIDVKCTSPKQCLPPCAKQ,0
GLKDMIKNLAKEAAVKLAGAVINRFSPQPQ,0
AHQLPMGTLCNFYEWYRRDD,0
EVRPFPEVYERIA,0
MKVRPSVKKMCEHCKIVKRNGRVMVICSANPKHKQRQGK,0
AKLDFDRSKEHVNVGTIGVH,0
MTHSMRLRFPTLNQ,0
ISGLIYEETRIFLENVIR,0
GYQVDCVSYNYDNVNENLAQQFVDTQG,0
IIGHLIKTALGMLGL,0
MAKKDQLTLRGPLYGNNRSHSKTITRRKWNVNLQSCKIKDTNGKVTRILVSTKTIRTLKKQNRF,0
VEIIANDQGNR,0
SIVPLGLPVPIGPIVVGPR,0
ECCTHAHCSQGCRPCC,0
MLRQILSQAKKHPSLIPLFVFIGTGASGATLYLLRLALFNPDVCWDRNNPEPWNKLGPNDQYKFYSVNVDYSKLKKERPDF,0
LDYDHEEEDGRTKVTFDAR,0
MLGEGASKVELQQLRTEHDSLKVQIRKDQKSI,0
YCQEFLWTCDEERKCCGDMVCRLWCKKRL,0
EPTPRSFNGDKVFRV,0
FRGHAKGDKKNQKK,0
MAKKSLIEKENSKKKLVKKYNLLRQFLRREIKNSLRIQDKLIISEKLQSLPRNSARVRLRNRCSLTGRPRSNYRDFGFSRHVLREMAHTCVLPGVLKSSW,0
MRRVKLLCTALMLLASHGALAVSYPLPPEGSRLVG,0
MAIVGTIIKIIKAIIDIFAK,0
MFDKTRLPYVALDVL,0
KMLGVVAKKPMSDYE,0
LQPKLEYQYKYHGIVALGIPSYKTQFYDAH,0
CYINNCPLG,0
MDKLAAGGLYLLFLLLAGIIVTH,0
GLLDMVTGLLGNL,0
GLMSVLGHAVGNVLGGLFKS,0
MIYSTEVVNMNM,0
QDKPFWPPPIYPM,0
MLFLLKSRKEGKEKVSIYSVYCFFLRKENGKDE,0
SFLADHAIFKCTNIGSSLKFCLLAEGKADVYPRFTRTMEWDTAAGDAVLRAAGGSTVTLDGTPLTYGKTGTAADFDFANPNFISWGGRKRVLEPA,0
MTPMRITVWRKRLQQMRPQRKLLKQTQQRRLLHQLQQRKLLQQTSL,0
TTAIEPFISLGDK,0
QELASFHSVSKGFMGECGFR,0
AVITGACERDVQCGGGTCCAVSLI,0
MLTYTGTVINVQTFAAKPDP,0
EPRTPWDWV,0
GLWSTIKQKGKEAAIAAAKAAGKAVLNAASEAL,0
TTVFLADIKSNCPSRVSFQVAALPGARVEIEAIAIQGPI,0
GKPNRPRPAPIQPRPPHPRL,0
MAYRGFKTSRVVKHRVRRRWFNHRRRYR,0
NAAVAGAVIEGATLTFEVLQ,0
MKTWMYSYLFDCPILVLPWTPHNYYLYHRFHHFLPLCYWHYSADTY,0
SSEAAPEEKVAILGA,0
VVGGDECNINEHRSLALMYA,0
FFGDFGNISSAAAITGNPK,0
MQNQRIRIR,0
MKRISTTITTTITTTITITITTGNGAG,0
MNAAIFRFFFYFST,0
FLSLIPHAISAISAIAHHL,0
GCVLLPWC,0
MTRVQFKHHHHPD,0
MFTYHSANTSAAQPALVNAIEQGLRAELGVVTEDDILMELTKWVEASDNDILSDIYQQTINYVVSGQHPTL,0
CYINNCPVG,0
SGFVLKGYTKTSQ,0
GFPTCGETCTLGTCNTPGCTCSWPICTRN,0
MFTMKKSLLVLFFLGTISLSLCQEERNADEEDGGEATEEEVKRSFLTTFKDLAIKAAKSAGQSVLSTLSCKLSNTC,0
ANDLVDDK,0
GGCCSHPACFASNPDYC,0
DYHHGVRVL,0
MVVIRLARGGAKNRPFYNIVVTDSRNRRDGRFIERVGFYNPVAAEGSERIRLNSDRLAYWTGVGAQVSDAVAKLLKQQAA,0
GAKERNNAEAVRERLEEI,0
QQGEGGPYGGLSPLRFS,0
NIQIICCKHTPACCT,0
INVLGILGLLGKALSHL,0
MEVGKLGKPYPLLNLAYVGV,0
DRYERGDVNLDLKGF,0
MLKSEVSKQISMPLTAPAF,0
YLTCNLR,0
QKKDKKDKFYGLF,0
LMCTHPLDCSN,0
MSVSCWEFNAG,0
FPIDDDDKIVGGYTNR,0
CEHSHDGA,0
DSDSAHLIG,0
MKVRPSVKPMCEHCKVIRRKGRVMIICSANPKHKQRQGK,0
MATETATLVTTFLSRSLVSFTGYALYTAFGKPSKELRDPFEEHED,0
LSAGPNGGSIAKLSVK,0
AVDFSKVPTATAGPCKG,0
SHGSHETDEEF,0
ANEAKVVLVADNVQGDN,0
MDTVSIAWAALMVIFTFSISLVVWGRNGL,0
CCSTNCAVCIPCCP,0
LKSELKEDKE,0
ADDDLEGFSEEDLKAIKEHRAGLAA,0
RCCGYKFCYIC,0
NYDKNFYEDTLP,0
GLLSSLGLNL,0
MKKSLWLWGFTDSAETWNGRFAMIGFISVIFIEVVTGQGLLYLIGMMS,0
ITKDFDALMKYIKRI,0
MKKLVLCVSILAVILSGVALTQLSTDSPSNIQVAERPVGG,0
ANLFTSDQDLYTDSR,0
EGGGNRGDPSGVC,0
MNRIGMITTIITTTITTGNGAG,0
GGPAGKQNAVNQLLVLIYDPKSYKD,0
AKAGVNKPELLP,0
FITVH,0
MSKVCVLTGKRPKYGNTVSHANNHRRKRFEPNLHTKRVWLEEEKRWVKVKVSAKALKIMSRQGTAELAKLFK,0
MLTLTSYFGFLLAALTITPALFIGLNKIRLI,0
DPNATIIMLGTGTGIAPFR,0
PYLLNLPPEK,0
MVEREKKRQKLVLKGKLSDTRLHNRCWRCGRPRGYIRDFGLCRICFREMAHQGLLPGVVKASW,0
HAGDLGNIVAGSDGV,0
TPPAGPDVGPR,0
VKKVAIIGAGVSGLASIRS,0
MDWTKMTFMGTVDEVKEIWNGLEEAGRLYAVWLSDDHVYGIVDVNEEGLFCLGWVSDISPESLQNMLGGGAELFESYEDVLSEHGGSIAIRVEV,0
MEYRKRVDALVFFSLLLLGYFAAHAHGKAKEGIMQGNGARCVVGFPPCKDNKCYCCIGGRTHARYSTMAECSHACF,0
MGGKWSKSS,0
MKIFLYLLRKKIAEVWIFQNPANFLSL,0
QGWAWPRPQIPP,0
MIFDGKVAIITGGGKAKSIGYGIAVAYAK,0
EYIPFIHEWV,0
DINGGA,0
ADRELHRSKA,0
VVVTLASGLEMCDTTTDGGGWTIFQ,0
MARIAGVNIPTGKRVPI,0
GLFDIIKNIFSGL,0
MINYVNITCIIFSTRTLLVFDTSLYIPPFMLSFIGYSLSNQNSPLFLYH,0
GLLDVVGNVLHSLGL,0
KPWERE,0
FLGKKVLKAVGKQAAKKQME,0
MPKRVLTGRVVSDKMDKTVTVLVERRVMHPLYKKFIRRSKKYAAHDEGNVCAMGDLVRIEECPPISKRKAWLVTARNGEPVGAAAEAQGA,0
YRRRQCPPWCSGEPCRKGTC,0
CCELPCHGCVPCCWP,0
QWAQWPRPTPQIPP,0
GEPEVAKWAEGLREKAASN,0
NIVDVPCRDDYYRDSSGNGVYDQLGGCGAA,0
ASLVTSFEEA,0
MKRGYEVVRDPHLNK,0
CCGIPNAACHPCVCTGKC,0
MKTLLLTLVLVTIVCLDLGYTLTCLICPKKYCNQVHTCRNGENLCIKTFYEGNLLGKQFKRGCAATCPEARPREIVECCSRDKCNH,0
MSIFRIHLDGNKKA,0
DDPTSTFTCPGGSDYK,0
VATSEQFNKTFIELVIVVD,0
CLIQDCPEG,0
MKVRASVKKMCRNCKIIRRNGAIRVICTEPRHKQRQG,0
DKNKKPIWMAGFPGFTPIR,0
MIGINVAIFTNVQRRTVS,0
QGIGVGDNDGKRGKR,0
ECKWYLGTCSKDGDCCKHLQCHSNYE,0
FYSAPTRDNVFEL,0
RKTAGKPKN,0
TEFATNDGGQR,0
VQPPHSHGDNFYIWT,0
SSNKLTTSWG,0
WCASGCRKKRHGGCSC,0
QLAELKYVI,0
MLCLPVFIILLLLASPAASNPLEKRIQSDLIRAALEDADTKNDPRLLGLVTGACCAVLKFSFCCGKK,0
KFCPEGKCV,0
DFKDWMKTAGEWLKKKGPGILKAAMAAAT,0
LSLTPTPGVLHK,0
MKKKIHPAYSQIIATCSCGNIIEIFSTVNVNLNLDICAKCHPFYTGKQRIIDTGGRVERFKKRFKLIKKDTV,0
MRNIKVKPFLN,0
QDKPFWSPPIYPH,0
QLGPPPRPQIPP,0
ATNPSGQ,0
KPEEDWGHK,0
QGRPPRPHIPP,0
MLISGTAFLRLRTNRKAFPTP,0
MHIVVCIKQVPDSAQIRV,0
TNEKLFFGSGTQLSVL,0
PAVVL,0
INLLKIAKGIIKSL,0
FCKSLPLPLSVK,0
MLNAVDAKLTTDFGQR,0
SKGFGFISPKDGSKDVFVHFSAIQSDSFKTLNEGQEVSFTIENGAK,0
YYTVLFGVSRALGLPLERPK,0
AGPVSKLVSGIGL,0
MANEFRVCDDCDATNLKTLLPRLKSVDPDAKIEIGCQSYCGPGRKKAFAFVNNRPLSAPTEDELLEKVQKKVK,0
MFSPQ,0
RICTAIPLPMCL,0
AEIDFSGIPEDIIKEIKETNAKPPA,0
QKTLIFGHKNPDTDTI,0
INIKDILAKLVKVLGHV,0
MKVAASVKKMCRNCKVIRRKGVVRVICTDPRHKQRQG,0
MKAIMLVNFCDERGSGR,0
STDALSK,0
SFREQCVPGREITYECLNACAEYAVRQ,0
MAFLKKSLFLVLFLAIVPLSICEEEKREEENEEKQEDDDQSEKRGLVSGLLNTAGGLLGDLLGSLGSLSGGES,0
KNWAVLVAGSNGWPNYRHHA,0
MAHSS,0
MIGIADVKLLNLGMLFPFVEVES,0
QWGQHPNIPP,0
VGCEECPMHCKGKKALPTCDYGCECND,0
MKVRASVRKICEHCRLIRRRRKVMIICFNPKHKQRQG,0
GTACGESCYVLPCFTVGCTCTSSQCFKN,0
GVIDAAKKVVNVLKNLF,0
CCNWPCSFGCIPCCY,0
GLLDTIKGVAKTVAASMLDKLKCKISGC,0
CTMLNVLTGTQEGLR,0
MSDINTTCLPAWLATCPCTGDDVNPTLTCGESLC,0
MEQNPNPNNLPAELNRTSLYLGLLLVFVTSVLFTSYFFN,0
GFMDLIKKAGGWLKKKGPALIKAALQE,0
MGQGAVEGQLFYNVQ,0
FQFVNPSDIVFGS,0
SGNTIYFGEGSWLTVV,0
WNETSDKDLYTDSR,0
LRLDLSNLR,0
KIWRS,0
MSKRKMGPKQQKNPELPKSPEQPYGEPLSGSKKEKKANHSGQKHNPHHGL,0
AAAPDIPIANVNA,0
FVSTYK,0
VLDELTADR,0
IDWKKLLDAAKQIL,0
QKVAVRLKEVVYTLSPHQQN,0
NEVDIVGALNADLTQFL,0
AGVPFNTKTPYGPT,0
HSPGGA,0
ALAGTIIAGASLTFKILDEV,0
AMPMLRL,0
KHFGKDSNFPFGT,0
MIFYKQRNAHLKPNETINYKDIDLLRKFITDQSKIVSRRSNGLTVKQQKQLAKSIKKARILALLPFVNKD,0
DRVYVHPFHL,0
VAGPFRIPPLRREFQ,0
QEKPYWPPPIYPM,0
IVGGMEATPHSWPHQVA,0
MGQFFAYATVITVKENDHVA,0
QRRCPRIYMECKHDSDCLADCVCLEHGICG,0
MAKVRHGCRTERIELIIKINHLKRENLKLRNKIADYKRTLYLIRGKGCKLTEELLKIEIENCIKMIKFNEETIRDLKEKVEMIPNEQL,0
NVCDGDACPDGVCRSGCTCDFNVAQRKDTCFYPQ,0
RVCYAIPLPICY,0
MAKLSKIAQAKRKPKFSVRQYNRCPLCGRPRAFLRKFKMCRICLRNRALRGEVTGVTKSSW,0
MYDESTGYSSALK,0
QGCCGEPNLCFTRWCRNNARCCRQQ,0
GLVPPADKY,0
CVQSCSFGPLTWSCDGNTK,0
DILRG,0
NAPPNLTLR,0
MRKKIIFVCQDCLSRNYVKRWTKQPLQRLIINKYCKQCNQKTKHLDSF,0
LGYITCPGSNLGTLR,0
EVLYIPVTTDA,0
AAAELSLVQLESLREVCEQ,0
MQIVEAIYEDGVLKLLKNLKLKEHSKVIIKVIDEEEIEKILDSRDY,0
PNIQTKIIEQIWKEHIFQGTVVK,0
MLLLIPSNHISIKETSSLMVVTPSSRTLFVVIVSFQQRALTSSVPVFLAVKRGR,0
GIAEFLNYIKSKA,0
VEWSDSERKTLVSVWGKI,0
GLMSSIGKALGGLIVDVLKPKTPAS,0
QETQYFGPGTRLLVL,0
SPAVQEKAAWPELVGKTPEEARAQILLDKPNANVVVLEHHD,0
CKGKGASCRRTSYDCCTGSCRSGKCG,0
EDGSDAVSGEFLAEGGGVR,0
GLLDGLLGGLGL,0
SCSGRDSRCPPVCCMGLMCSRGKCVSIYGE,0
GSGADCFWKYCV,0
VELQNRLSDESQ,0
SPPEAAYGPGNTNSDSGDK,0
IVGGTEVTPGEIPYQLSLQD,0
VNQSETPVKHIGKVF,0
QGRPLGPPIPP,0
MTPHDEEVDSSD,0
DEPPQTPWDRVKDLVTVYVE,0
MANTGGRIPLWLVATVAGLAAIGVLGIFFYGGYSGLGSSI,0
GSKKPVPIIYCNRRTGKCQRM,0
FAPCPK,0
NNLDEIK,0
MKKFISRPKRSSRRRKKTPIKPGENIDYKNVGLLRKFISEQGKILSKRITRLTSKQQRAMTKAIKSARILALLPFINNEN,0
FLGALLKIGAKLLPSVVGLFKKKQQ,0
NCPAGCRSQGCCM,0
TGVNYGQLGNNLP,0
MDIVSLGWAFLMVVFSFSLSLVVWGRNGL,0
ISDFDEYEPLNDADNNEVLDF,0
GYGFLTTDD,0
KQTENLADTY,0
MDGLKSFLSTAPVMIMALLTFTAGILIEFNRFYPDLLFHP,0
MLGFLPLP,0
CCDWDWCDHICTCCGG,0
DEPDGVPTTQKQ,0
RGSNLTHPLRNIGDLFYVGN,0
DAQEKRQPWLPFG,0
ILGTILGLLKGL,0
MYRKFSDECFGPSTLINAIKVIALVVLITISAVVYLSVC,0
RDVAVGSFLPPS,0
SGLLMNFGEQHVNVAQ,0
MNRVQFNHHHHHHPD,0
MFLAICDMPAFGPLNLILLLTMRLKSSVICSGTS,0
MLSKGVLSARLFNLIYG,0
MPIITSYFGFLLTALTIASALFIGLSKIRLI,0
SGSKTAEIDDGCFGLPLDPIGSTSGMGCRSVPKPIPGGS,0
MTKKAVVVLWGISQVEGVVNLLQE,0
GIGGKPVQTAFVDNDGIYD,0
PRGSPRTEYEAARR,0
AYELPELPYAYDA,0
YIYTQ,0
SRSELIVHQR,0
AFCCPSGWSAYDQNCY,0
RDVDVGSFLPKSPSDPSMVL,0
DKNAYGIDLIL,0
LNWGAILKHIIK,0
FSGLGSQNPGLLVLAK,0
MKHIPFFFAFFFTFP,0
MFTFAILLLCVQGCLIQ,0
DVGKFK,0
MYKLLIINP,0
IAIFNAYTPLPFAD,0
MHKVQSLQDPFLNVLRRERVPVFIYLINGIKLQGEIESFDKFVILLRNTVNQMIYKHAISTIVPSRVVSYYVGRAGNHTTF,0
ATDYDEEEDDRVKVRLDAR,0
MDKETLRALHVIVKGRVQGVGFRYWTRSLAKSLNVKGRVRNLADYSVEIIAEADTDTLGEFVYALKHEHPYARVESLNSEEVRARGYTDFRIEV,0
MASLGRKFFAVGVLSRVFPSAFNAQKGLLKNASMFLTPAFRLSPSLLPWNFSRGFKVKASVKKRCSSCYFVRRKGRLYVLCKKHPRHKTRQG,0
GKPNKPRPAPIKPRPPHPRL,0
TSTVFSDGQR,0
ADTGEGDFLAEGGGVR,0
PVQSVFSATRCGAN,0
PIDPGV,0
FVHPM,0
KWCFRVCYRGICYRRCR,0
MKVRPSVKPICEKCKIIKRKGRVMVICENPRHKQKQG,0
AVVFDPQPALWAEADTQLEP,0
FLPLIGKVLSGIL,0
SKTPIRVAVTGAAGNIGYHLLFRIA,0
GTGCSSGCHRVGQQCRCG,0
TFVSSQVSGPR,0
CSVVDLAR,0
GFCCPSGWSSYDR,0
GLTDQKSAPPGL,0
FGVLAVTSR,0
IICAPEGGPCVAGIGCCAGLRCSGAKLGLAGSCQ,0
MTQVTVGENEGIESALRRFKRQVSKSGIFADLKRLRHHETPIEKYKRKLQQRRKARRR,0
MEKGYYDLES,0
MPQLDTTPWFITILSMIITLFILFQSNMSKYLYPLEPQPKTLKTQLYNAPWETKWTKIYLPHSLHLH,0
VVSCADILTLAAR,0
ARQLNPSDQELQSPQQLYPQQPYPQQPY,0
AIEVQTVTLIPGD,0
DRVYVHPFSL,0
KPLWRL,0
IEFFT,0
MINGWTGNILRINLTTGAIS,0
AIFILAS,0
SRLPPATRDKLADEITFFPA,0
MPDPAKTAPKKKSKKAVT,0
NVTELIGNTPLVELI,0
MIIKTLKMSARKRN,0
NQDCRPGWSFYEQNCYKVF,0
LKLKSILGKLGVILSHLNK,0
TPVVNPPFLQQT,0
EPIDLLGKVFVFSKESNVDDVKLLTPQTE,0
LKVPDLPLPE,0
APPGFTPFRSKAV,0
AVSLVLPQLK,0
MAIIIGLEFAQLPMSFGAKYE,0
EEGGSPPPVVI,0
MGLGGPLSSATSFASKTLEGAMSDSMAESAVAQAAKMKIDTQNSILDGKMDSATKEINSGHNAAKAIQF,0
QNWPSPKVPP,0
FGVLNFF,0
MKLLCWQKSIHGS,0
TEIQSFNFNGFVPEN,0
CPPLC,0
DVVASSTAHKQQDINHLLDK,0
MNQIRLFAQSALVSVMGMGMVFAFLLLLICVVRCVGALVSSFGWDRGPDEGVGAAVPAGGALAAAIAVAVHEKARSTS,0
ETISFNFNQFQQND,0
MNFFLRWCYAVAI,0
MAKSVREKIKLVSSAGTGHFYTTSKNKRTQTTKLEFKKYDPVVRQHVIYKEAKIK,0
GWFDVVKHIASAV,0
KSTSCMEAGSYCGSTTRICCGYCAYSASKNVCDYPSN,0
QTPGCCWHPACGKNRC,0
ADDSDPVGGEFLAEGGGVR,0
EPVKKKDLKKATVPL,0
MELGLEPADDFKEKLIKLSA,0
MIGGLFLNTLSFVIVINHVIVNNTANVHTTQHENVIVQQH,0
MFFKWISKFIRRLSKCGIKSITSKAYK,0
TKQTLKVLITGAAGQIGYSL,0
ASILTNAS,0
DFTGVKFDNTIGCGKG,0
AYERQFYPGATSVAENNIGH,0
FLSLIPHAINAVSALANHG,0
MTTFSSFPSIFVPLVGLVFPAIAMASLSLYVQKTKIF,0
FGFLPIYRRPAS,0
QLWATGHFM,0
YEYSVYREIIGSGHIIAR,0
PEDPQRRYQEEQRRE,0
DGVTDPLEVNVVK,0
ECKKLFGGCTTSSECCAHLGCKQKWPFYCAWDWSF,0
AEVQDKGEFLAEGGGVR,0
NTEAFFGQGTRLTVV,0
GKEGYPTDKRGCKLTCFFT,0
DQPGDVKTHKQYDVNYLFFKI,0
VTIGKEGTLT,0
VIGGAKCNINEHRSIVLLYSSRLFGHTLINKEWVL,0
MALPSALWWPG,0
QQDYTGSHMDF,0
IGSFIINPR,0
SPPAPFVPVPIN,0
SVFAFQDESTSTIAQARLFI,0
MELSLLLFLALLLGLLLLLF,0
MVEPLLSGVVLGLILVTLSGLFFAAYQQYKRGNQLNG,0
MKENKVQQISHKLINIVVFVAIVEYAYLFLHFY,0
SGGEMSNMGHSMEE,0
AKKTILDLKD,0
MARKQKTLLCRNCRETKIAVDRVCPTCGCRLVPPY,0
MKHIQIRNSDMDWHIAANNLG,0
LAKRADICQPGKTSQRACET,0
MAKEKIRIRLKAYDHR,0
SAPRGCWTKSYPPKPCK,0
INWKKIKSLIKAAMS,0
QIIEANLALRR,0
APIVSGGYDF,0
GVLFASGQNLARTLIEFLLR,0
DNGEAGRAAR,0
VATVSLPR,0
FLPFLAKILTGVL,0
GHACYRNCWREGNDEETCKERCG,0
DCCYGRVNGCNPKMADKNYE,0
ALFEESTVSAEPR,0
TIINEKCFATSQCWTPCKKAIGSLQSKCMNGKCKCYNG,0
AEFGPSQPFKGAK,0
VSDVPNNDDRFTY,0
RDWRREQERRQERR,0
HDVYGGDYRITGDDGHS,0
EQDRR,0
CHYIFNTC,0
VAVKATTTEEETEIPAK,0
SPTVIALRVVEALSPR,0
SLSINTNTSEMIALQTLDA,0
MSAEERLIELEIRVAEQEKTIDELSSVLTEQWKTVDQLSKKLNALTNRFLELKEQAAPDVPVTKPPHW,0
MSAWMSAGFS,0
KDCKRESNTFPGICITKPPCRKACIREKFTDGHCSKILRRCLCTKPC,0
MTPSLANFLWSLVAGAVVLGALFGAIIFVSQRDKVRRR,0
QRPEYPVWREKGAV,0
RGSNLTSLPLQNVIDLFYVGNITIG,0
FCCPFIRYCCW,0
MNTELIVQLGSLTLITLAGPLVVVLLFLKQGNL,0
IIAGTARSMGITVEG,0
ESIASFQGVLDGKYD,0
DFFFQGLNTPR,0
PIFTFASNVPADTITGFFL,0
AATAATPATAATPATAARA,0
NEQSGISQTVIVGPWGAQVT,0
FFFLPSLIGGLVSAIK,0
ATPFGGSSYEGH,0
LKDAQSRITK,0
MADQLTEEQIAEF,0
IVGGFTIGIDTVPY,0
MKFGLFFQNFLSENQSSE,0
CYISNCPQG,0
DLVQFGQMILKVAGRSLPKSYGAYGCYCGWGGRGK,0
EGLLQLPSDK,0
MIIGAVEAGGTKFVDGVGNEKGEIFER,0
ALPKKLKYLNLFNDGFNYMGVV,0
MSKKTFQPSNVKRKRTHGFLERMSTRAGREIVRRRRARGRKRLSV,0
FLPAVIRVAANVLPTVFCAISKKC,0
MRPAQLLLNTAKKTSGGYKIPVELTPLFLAVGVALCSGTYFTYKKLRTDETLRLTGNPELSSLDEVLAKDKD,0
DNPSSTPPLR,0
MLMPKRTKYR,0
GSFFATPDDRH,0
VAIRIIWSDIQD,0
IDWLKLGKMVMDVL,0
LGTGLGVDQN,0
SIYVGNLSYD,0
MTDTPLSAAEF,0
MGGKWSKRSVVGWPAVR,0
MNIELIVQLTSLALITLAGPLIVALLFLKQGNL,0
KFADENFQLKH,0
DSPAGVSDAQKQ,0
KEGYLFGSRG,0
GHAKGDKKVSKK,0
IEMAEGGNDNIGNESIK,0
TQSTGTSQTIAVGLWGGPDN,0
QTLLQELPIPP,0
SLLSLIRKLIT,0
MAIDNTQIFIALLTALIPAFFALKLGKELSK,0
APSQSTVTALLTSCVSYIDDQ,0
MSRSAWKPPFCHPSVLRLVNRALKQGSINKVIKIHSRASVILPNCLGLKFAVYNGKDYIPVSVNDQNMIGHKFGEFSPTRKFAGHNGDKKAVRR,0
NLYQFKEMIRYTIP,0
DASNAQKQHDVNFLL,0
MKWETPTATDLRFGFEITMYVSAR,0
DPWDWV,0
ESGINLQGDATLANN,0
TATTRRRGRPPGFSPFR,0
GIGSALAKAAKLIEGMV,0
SLSIMEPIR,0
YGLAADNVLDAR,0
AEYFQHWGQGTLVTVSS,0
VNPIILGVLPKFVCLITKKC,0
ETVPYMFEN,0
ANAKVPSHTISNPF,0
GIIDIAKKLVGGIRNVLGI,0
GFLSILKKVLPKVMAHMK,0
EQCGRQAGGATCPNNLCCSQYGY,0
GVVPHDFRI,0
GFIGWGNNIFGHYSGDF,0
EEGGRPPPPI,0
AKKRAGNGCFGLKLDRIGSMSGLGC,0
DMYSDNLGLCDN,0
EDLPEK,0
SQEDTPL,0
ILGPVLSLVGNALGGLLKNE,0
QQDYTGAHFDF,0
GLLDIVTGLLGNLIVDVLKPKTPAS,0
LEDNGRTHWAVLVA,0
YGIHCNTLL,0
PAWLVDCPCVGDDVNFILTRGQK,0
RTCIPIPPVCF,0
MAVTIAVDFCACVCNIDLWLPKAMVFKLALAW,0
LFEENGGAL,0
RWAEIVCRSPSCNECCEWHTCFAPED,0
NFLGTLINLAKKIM,0
TPLWSLMQDLMM,0
AFQLDTNLVESLQK,0
GVTFHDDDLIPF,0
SETGNTVTVKGFSPLR,0
QGRPPGPPIPP,0
SDRELHRSKAAYFF,0
MSHDLDPTGTY,0
VAGRSVVKIAEGYL,0
APLTNEYLNHLCHKC,0
FQYDSQYDGF,0
HSEPGGAY,0
GVVDSAIDAETR,0
MADENTPVMPEEVPAVEGVGM,0
LICFICFSPTAH,0
MKRTYQPSRIKRKRTHGFLARKRTSTGRNVLRRRRAKGRERLTV,0
TNSKEGEFIAEGGGVR,0
QWFGPYPPVNYIN,0
MKVRASVKKICDKCKIVRRKGIVRIICASNPRHKQRQG,0
VKVYNQFGTKVELGVSMRIF,0
MSTDLKFSLVTTIIVLGLIVAVGLTAALH,0
MKVTFQGNEVTLQGKEVKVG,0
DMDDFGLGDFDDGR,0
ICTNNCAGYKGCNYACPLNDHPIAYKSCEGEFDPKSKCPR,0
MASLFLSSLVLFLAALILVPQGFAQYHLNPVDEPPVNEPTVNKPPQKETPVYKPPQKKSPWYMPEQKESHLHVYDKHLTAEHNIHI,0
FFGSVLKLIPKIL,0
SDTVDIYDAGKILERVII,0
DLARNLGLVDIDDEYDEDSDKEKPIFNV,0
QGGGPQWAVGHFM,0
SAIDPNPDTPDSE,0
AAAPF,0
MPRKGPAPK,0
QWPDPSSDIPP,0
WLSGVDKIRGVNLGSAFIIE,0
MKKTAAIISACMLTFALSACSGSNYVMHTNDGRTIVSDGKPQTDNDTGMISYKDANGNKQQINRTDVKEMVELDQ,0
MAKKSMIVRNARQPKYAVRHHNRCKLCGRPHAYIRKFGICRICFRELAYKGELPGVKKASW,0
HPVEI,0
MARKDRLTNERLNKLFDSPFSLVNYVIKQAKNKIARGDVRSSNVAIEALNFLDLYGIQSEYAERDDRERHLSATGERRREQGFGTSRRKDPSLYNWSDVK,0
MAKEDVIEVEGTVVEPLPNTMFKVELDNGHKVLAHISGKMRMNFVRILPGDRVMVELSPYDLNRGRIIYRFK,0
GLWSKIKEAAKTAGLMAMGFVNDMV,0
MYAFSYSTPRTLDEVSAAS,0
ELPVNFYALNLTADNINIGY,0
MTSDYRVSPIKKSRPAMSK,0
DVNGGGHTLPQPLYQTTVVL,0
SKSLFYQKQYDNINE,0
IYSRLTVSPTGTLNR,0
QAPWPDTISPP,0
GDVVANPESVELK,0
CCSRHCWVCIPCCPN,0
SIGFDGLNDPDIVAR,0
VVGADNCNFN,0
SPANSVWS,0
MEFIVVLLLLLRYFRLALKVRILHIFYKCFFEFFLTYSNCRFFV,0
IPLDPVAGYKEPA,0
EQGVGGDDGL,0
ATFDIVNQCTFT,0
MLVGMTEMVN,0
VGQDATISFK,0
MKIIGLIGGIGSGKTTVAQLFVDEGFPLVD,0
DCCIIAGCPFGCTICC,0
NNPPCCSGYVCEGVYCAVDV,0
NYPTQDSTMDKTFANNL,0
HYQEVPRQIQEKLIKGQ,0
INWKKIASIGKEVLKAL,0
VPPGFTPFRQS,0
ARAVGIDLGTTNAVVAVLEG,0
QLWPRPQIPP,0
AIGPVDEV,0
MTTPNPNKQGAELSRTGLYWGLLLIFVLAVLFSSYFFN,0
GFIGDIWSGIQG,0
NNVDKLNGDW,0
MSAVDFLERLIKAGVYIYVLRTKCVIAALLVKNYSIKDE,0
GQNFTSDKDLYTDSR,0
VLADVYNVEPETLR,0
GCCGAFACRFGCTPCC,0
DVVSPPVCGN,0
RHAGSAHTF,0
MSDINATRLPIWGIGCNPCVGDDVTSVLTRGEALC,0
GADPGCQDVVTPVQ,0
GLLGMVGSLLGGLGL,0
MVTLISYISLLAGFVIIASVFYLALVKIKLI,0
GLLDVVKGAAKNLLASALDKLKCKVTGC,0
KIMAKPSKFYEQLRGR,0
LKLKSIVSWAKKVL,0
MRMSFYQFLMTQRNPNSADEVQQFANNAFFDTTFPKHSEDFDEISHYLEENADYLPSMTIFDEAWQRYIDAMN,0
CAVVDVPFGGAKAGVK,0
GRPNPVNNKPTPHPRL,0
MLDIISLGWGSLLAIFSFSIALVVWGRNGF,0
AADIFAKFKTSMEVK,0
TFIDVDCTVSKECWAPCKAAFGVDRGKCMGKKCKCYV,0
EAPVGFTPPELDPSTPSPIFGGSTGGLLR,0
CDAPTHYCTNYWECCSGYCEHSHCW,0
GVVDILKGAGKDLLAHLVGKISEKV,0
CCQWPCSHGCIPCCY,0
MSDINATRLPHLVRYPPYVGDGTDLTLNRGEK,0
GILSSIKGVAKGVAKNVAAQLLDTLKCKITGC,0
KLMKQGGAALEGSALANGRALSAGSPPVPPGWNRIPPLGRAQEE,0
FLSLIPHIATGIAALAKHL,0
GVCDMADLA,0
CKPASIKIRLNSTADTGFYV,0
EDTGTFEEGHGGVR,0
GATIMPGTLWCGKGNSAADYLQLGVWKDTAHCCRDHDGC,0
RIISSVAVAVAGTA,0
GLRQKVQSLV,0
APQEPNQFQLLKYH,0
FLWGALIKGAGKLISRVVGSLKKKKQ,0
FIAGLNGLR,0
NPVLPCPVGSLYK,0
PAQPFRIKKRQGPFERP,0
CSGLSTCALMKLSQDLHRFNSYPRTNVGAGTP,0
AKEKEVTFQSGGPT,0
GSIPCGESCVFIPCISGLAGCSCKNRVCYLN,0
MFHQAKSPTHSTLTNFLRTALILFPLFCGEYILTSGSMSNRTASSDKHPSIKPSAISNFARISPSSTRRRRAMARFE,0
NEQSGKSQTVIVGSWGAKVS,0
KYPLEKFQNIG,0
DKNKKPIRVGGRRPPGFTPFR,0
EDGSDPASGDFLAEGGGVR,0
LRPAILVRVKGKGL,0
MVINNNISAINAQRTLKFRQVDLKK,0
KIFTKCELARKLRAEGMDGF,0
APANSVWS,0
EELRPEVLPDVSE,0
TNTPEDDRYLQDYVYI,0
SLVQFEKMIKEVAGKNGVPWY,0
MLVFQMRNVDKTSTVLKQTKNSDYADK,0
VYGMLFKFLAKKVAKKLISHVAKKQLQ,0
MKVLFVIYVMIQYNYPMFTYNLVNNIINMIQRSM,0
SGGGNVIMNQMNKRNHAKD,0
ADNKFENSLRREIACGQCRDKVKCDPYFYHCG,0
EDGSGEFLAEGGGVR,0
SAIWFWMTPQSPK,0
TSHGGGKAGKSKLLDVNY,0
MKGTPSFGKMNKTPTHVRCRRCGRNSFNARKGYCAACGFGRSKKIRRYSWQNKKVNGVRLV,0
SHDVNINIQFGFENPQQVVD,0
DEDNVLLT,0
GKFSVFGKILRSIAKVFKGVGKVRKQFKTASDLDKNQ,0
DLAGEIHGLSNVK,0
STAKSTA,0
MAKETNIEVLECPECSKELTIHIKTVVKPLLKKVQNTVWIKNE,0
AHVEVPNSLY,0
LRPAVIVRTKGK,0
SMIGGVMSKG,0
LPTGPNNPTTLDNSSII,0
SHAKVETDEE,0
AIANAPLLDTTITDRVFFD,0
MEDEGAGG,0
MYLDAAKKQEIFSKYGKSNTDTGSAEAQIALFSYRITHLTEHMKLNRKDYSTERALTMLVGKRRALLDYLKAKDITRYRDIIKELGLRK,0
MSGLGIMVLTLLLLVSMATSHQDGGGKQATQRDAINVRRRRSITRRVVTEACEEYCEDRDKKTCCGLENGEPFCATLCFG,0
FYAGLILTLVNTFPYNISPASS,0
MSATDFDSLYQLIFNAGLVICFGLGVISGGQR,0
SGSGVRSAKKGGKAQGGQAGVGYKGSTEPG,0
ALVEDPQMQKYHKH,0
MEKSRCHAVAHGGGCAGSAKSHKSGGRCGQGRGAGDSHGTRGAGRRYRAASAPHPLAVGAHLRDELAKRSADPRLTDELNDLAGHTLDDL,0
VGEAFWSAEEQK,0
VGKFPLLANSR,0
MLSLIFYLRFPSYIRG,0
DDKRRQI,0
GRPNPVNTKPTPYPRL,0
MKCSLRLFEKAGRLSVRSQTVQTFQQRIVLANGASYLVNTTLPKPYILSIKDITNMPLNNPKVNALSSIRGQESRRSKFEERYEGL,0
YPCKLNLKLGKVPFH,0
SFSESLAAAR,0
NLINFMEMIRYTIP,0
MDPEPTPLPRWRIFLFR,0
QNCCNGGCSSKWCKGHARCC,0
MRFCWQKSIHGS,0
MVCIPCIVIPVLLWIFKKFLEPYIYPVVSRIWPKKAVQQSGDKNMSKVDCKGAGTNGLPTKGPTEVSDKKKD,0
SEEEKRQPWLPFG,0
AADDVTVVIGSAAPMSGPQ,0
MYSYIYKALLYHGYEKFDLDIWEYFNK,0
WIGRW,0
VVGGEVARAHSWPWQISLQY,0
DEGPKSDCKP,0
FLPLILRKIVTAL,0
GLFDIIKNIVSTL,0
MRIGIIFPVVIFITAVVFLAWFFIGGYAAPGA,0
FLPLLFGAISHLL,0
MTLDVFTKVVSQADSRG,0
GPNPGFSPFR,0
VISIIPV,0
ETDLLLDDSLVSLFGNRR,0
TWEECCKNPGCRNNHVDRCRGQV,0
ELVSNASDALDKLR,0
EAFPGQST,0
MTDIVVVRVKPGSRKGPLVETGSDAELTIYVRERAVDGKANEAAARLLAAHLQLPRSRVELVAGATSRLKRFRVER,0
VTVGHVF,0
FFVPPAFFPP,0
TKTEEGEFISEGGGVR,0
MKCNECNRVQLKEGSVSLTL,0
ADGSDPAGGEFLAEGGGVR,0
MKDTE,0
YPDGFDGEAV,0
GLLSGLGL,0
SKCRIGKDGFYSVTCTEKENLCFTQF,0
AGLPPEEKPKLCDAACE,0
NSMERVEELRKKLQD,0
VVSQYHELVVQARLSEQELEFR,0
GLNTLKKVIQGLHEVIKLVNNHA,0
LSVNYQWLVR,0
LNLKGLIKKVASLLN,0
TAANVKIFNTEEVQNFINLL,0
SCSCQKHFSCCD,0
MRVRASVKTLCRNCKVVRRRGVVRVICTDPRHKQRQG,0
INWLKLGKAIIDAL,0
LGIYSDAGTQTCSK,0
MTKNKFVLLRYLCLFCTNIDQIDFNSVLK,0
ILGPVLGLVGNALGGLIKNE,0
LAKTVPLNDGTNFPIFGG,0
GIPCGESCVFIPCISSVVGCSCKSKVCYLD,0
DEPDGVPTHQKQ,0
DDDDDDHTIEHFETF,0
GIKDYLKKLLQKAINKIKSLRKKQDA,0
ENGQLDGVIDPK,0
ANDPDFPYTVQANRP,0
YDKKVDSIILFGVNG,0
MNGATSLYDEVIIINKIPPKKIDTKGVATEEVATKKVLLNKLLTTQLLNEPE,0
ATFNFINNCPFTVWAAAVPG,0
FTAAAEAEAAAA,0
KEEAKVLGTVIGIDLGTQYL,0
MPTITSYFCLLLAALTLTLALFIGLSKRQLI,0
RGSNLTTHPLRNIKDLVVYM,0
LVTLVFV,0
MEITTNQVYIALLASLIPAFFAFKLGKSLNQ,0
SGSKTANIGDGCFGVRLDHIGTTSGMGCGRPRPKPTPGGS,0
FNAGGHINHSLFWQNLAPASSNEAK,0
TKDEGTFIAEGGGVR,0
GVGDLIRKAVSVIKNIV,0
RLSKKPGKVKE,0
SVFDEYLEKSKANK,0
MREYPNGEKTHLTVMAAGFPSLTGDHKVIYVAADRHVTSEEILEAAIRLLS,0
AVREYHWFVE,0
NCCPIDEESCCS,0
MASEIFGIAVVFWVLIPVGLAGGALLLKLQGD,0
ARVPFYRYYK,0
SLVSLNEPKDEIYMESQP,0
FDDLMLLLCCRQGPVCFIPLNEWPCSRM,0
GSNTECFWKYCV,0
MPFTASDICKILFAIILPPLGVFLERGCGADLLINICLTILGWIPGIIHAFYIIFKY,0
VTVYDAEGTKVQLDGSIRLVM,0
SVAVAGAVIEGATLTFNVLQ,0
MGRRRVKRRINIPKRQSRLEKRFNCPVCNHENVVQCTVKKTLMKGFANCSVCEASFACDANKLTTGIDVYSAWVDECCKR,0
MANIKSAKKRIKVTETKTLNNRMVKSALKTVIKKFEAAVAGNNVEEAKTAFVAVTKSLDVAASKGVVHKNMAARKKSRLAAKLNAMA,0
MDLSFTLSVVTA,0
MQPEQIIRRPIILTEKSSRLRDQGNKVIFEVRREANKIQIKDAIQTLFKVGVVDVNTLIMRGKDKRMGRGYAKLRNWKKAIVTLKEGDEIQFFDEKAE,0
GSPMFV,0
VKMELDGGVASNSR,0
KRGFLDVIKHVGKAALSVVSHLINEGEH,0
QNECPWKPWC,0
YLKGCWTKSYPPKPCFSR,0
VALGGCLPTVQLGR,0
SEGGQDFWL,0
DAHGSGNAHKQQDINHLLD,0
MNHLVMISLALLLLLGVESVRDAYIAKNYNCVYECFRDAYCNELCTKNGASSGYCQWAGKYGNACWCYALPDNVPIRVPGKCHRK,0
FEDAKKVRFFKSNSETIK,0
DSDSAQNLIG,0
FLPILASLAATLGPKLLCLITKKC,0
NACSSDLNSK,0
TQAGSQNPNDLSPGP,0
SFQCELVFAK,0
SPEFTV,0
HPIQNLFQPSLVLDM,0
MKVQSSVKKRCEHCKIIKRKGRVYVICKVNPKHNQKQG,0
SSGWVCTLTIECGTVICAC,0
ACKPKNNLCAITEMAECCSGFCLIYRCS,0
ATKGSSDNRVLTGV,0
VMYYSLPRPV,0
DDDDLEGFSE,0
ISDDIQSIIQGIF,0
LVSGCADLTALAAR,0
VDTVVRKNVDSL,0
HSDLPSGVYDPAQA,0
GCCSDPRCKHQC,0
GMYTHEGSDP,0
EEQEQEQEQDTKMA,0
AAPKATVRWCTISS,0
YGGSQGNLIFGKGTKLSVKP,0
AHDGNPLEECFREDDEEFFLEIAKNGLTATSNPKRVVIV,0
MELCWLTTIHGS,0
EDDHDHHHHHHHHHHHHGVGGGGGGGGGGA,0
SHYAEGPGKN,0
MLDPTGTYRRPRDTQDSRQKRRQDCLDPTGQY,0
SYNEQFFGPGTRLTVL,0
SNSLFEEVRPIVNGMDCKLG,0
YMFHLMN,0
GSTSECFWKYCV,0
SLGSPAVAEPAVIAE,0
GWRDWLNKGKEWLKKKGPGMVKAALAAATQ,0
DSTNTV,0
NIFNAISAAGLGNQIKVSTAIDTGVLGTSYPPSK,0
MVDKFNNSDC,0
MGIKKTSATVFLVIILTISFSYYDVEAESVIEPAKYGACLFLCDARRDDHACFYDCTNVAIYRTGHCVGNPPRCCCIRG,0
GDGTGPGPGP,0
SLGSGGSL,0
GPVGLLSSPGSLPPVGGAP,0
YDRYEVVYR,0
KSTDFDYNNKKANYD,0
MYALAFDLKIEILKKEYGEPYNKAYDDLRQELELLGFEWTQGSVYVNYSKENTLAQVYKAINKLSQIEWFKKSVRDIRAFKVEDFSDFTEIVKS,0
EIQNAGLYAILR,0
VIGGDICNINEHNFLVALYE,0
CCKQSCTTCMPCCW,0
PAQPFRFPKHPQGPQTRPPI,0
AQLQNPVGYELQHK,0
GFGSLLGKALKIGTNLL,0
ESIVRPPPVEAKVEETPE,0
GCCSYPPCFATNSGYC,0
FCCPVIRYCCW,0
QEYTGWMDF,0
DFGHIQYVAAYR,0
GLVPNLLNNLGL,0
FLPLILGKLVKGLL,0
GGCDGDRQDM,0
MKCNKMNRVQLKEGSVSMTL,0
MEPDPTPLPRRRLKLFR,0
LLPNLLKSLL,0
LLGMIPVAITAISALSKL,0
VIYIFAR,0
NPTNLH,0
WLNALLHHGLNCAKGVLA,0
GYSSASKIIFGSGTRLSIRP,0
MLNIALHGYSLSKSAMDSRLTRKQSKSCT,0
TCKQKGEGCSLDVECCSSSCKPGGPLFDFDC,0
LPSDATLVLDQTGKELDARL,0
MERQVL,0
MEYRYYCHSSFRFLKGGDGETGRWQGQFATLDSFSHYRLSLSLLAACSRW,0
APYQKRNI,0
MAGRNKAKPRLSKKEKEERRKDMAEVQEKVFSVVVPVVVAFTVVIMLIVYLKTRPRTDF,0
SCSCKRNFLCC,0
GCCHIIACRMGCSPCCW,0
LVVYPWTKM,0
MVPYRNPRHQHVASVLRSGG,0
MNIELIVQLGSLTLITIAGPLIVALLFLRQGNL,0
MIREPRIREPRSLA,0
AQVESVCPGVVSC,0
EREQLRDQVYDAMAE,0
KPEEDWGHR,0
GMASKAGQVLGKLAKVAIGAA,0
DDIKLSQQYDVLDLFKYMHQ,0
NEEEKVKWQPDVP,0
STDTQYFGPGTRLTVL,0
MSMFGIGKNNQTINPQNIAMAEQEVEMMSDIFNRLVMTCHKKCISPKYYEADLTKGESVCIDRCVSKYFEANQSLSQHMQKRGQENPTP,0
MKVRPSVKPICEKCKVIRRKGKVMVICENPKHKQKQG,0
VIGGAEENINEHRSL,0
GPAAVVRLLGK,0
MAITAAASRLGTEPF,0
MDSVSVNQIL,0
MMKHVIILVILLVISFQAY,0
SNQPQHFGDGTRLSIL,0
MKRTYQPSRRKRKRTHGFLARKRTPGGRRVLKNRRRKGRWRLTV,0
GSLVKLVSTLLSLVPSLMKG,0
MFTITSYFGFLLAALTITSAIFIGLNKIRLI,0
GLIDVRCYDSSQCE,0
MKVNPSVKPICDKCRLIRRHGRVMVICSDPRHKQRQG,0
QQRFPQRYVQLVITVDHVMN,0
DITEVIAAGR,0
FITLLLRKFICSITKKC,0
GVQKSEVVITSA,0
MQTLPKERRY,0
MQVNLRCSE,0
MVLLLSMISRCLILIILCYQRYISVFLSPRCRFYPTCSHYAVDALYTFGLLKGLLLIAKRILKCHPFHSGGLNSISIKTKSKREY,0
MAATFALHGWWRTS,0
KDGYLPGNEGCKY,0
AELTSCFPVG,0
MNKKSIRNVNLKGKRVFDRV,0
AQAATPAADGKKKISIDTR,0
MIDDSQIFVALLFALVSAVLAIRLGKELYQ,0
QRWPSPKVPP,0
QAKSQGGSN,0
RLRSKGKK,0
MLRNRARRLDYKIMR,0
MKLLVVAVIACIMLIGFADPASGCKDCSCVICGPGGEPCPGCSARVPVCKDLINIMEGLERQVRQCACGEQVWLF,0
QGGWPRNPIPP,0
GLPVCGETCTLGKCYTAGCSCSWPVCYRN,0
MNTQL,0
MGSVIKKRRKRMSKKKHRKLLRRTRVQRRKLGK,0
FWGTLAKLALKAVPAVMGMIKKE,0
SNTKQPTPLGGVIFA,0
GCPQTPRCTNYAEKGQCPPN,0
LMYYTLPRPV,0
KTCENLADDY,0
KGDIMVFPR,0
IINDFTNLVNQVEPLK,0
AYAQWVIIII,0
RICTPIPFPMCY,0
MQWDEAIHGS,0
LLGMIPVAISAINLMKL,0
EKGKEILGKI,0
INLKAIAALVKKVL,0
MARKGLVERWKKPKKFKTREYTRCKICGRTHSVYREFGVCRVCFRKMANEGKLPGVRKATW,0
GPLNAQHQS,0
EDSLSDWERVYLPIDPGVVL,0
VGFFT,0
AVNVNTNVSAMTAQRYLNQA,0
KGAAKGLLEVASCKLSKSC,0
VPSSFRTTITDAQLRG,0
MAKLHDYYKDEVVKQLMSQFDYNSVMQVPRVEKITLNMGVGEA,0
LNLTKWLGKLGVILSHLNK,0
KPDPEAVLIV,0
MEHSHWFRKMSSLHQEFVCFLFWPLT,0
MERASKMPSSYLYDQ,0
DVSFSLSGGGTASYEK,0
GDAAAQPEK,0
EKGYNPYVR,0
QTWLPFV,0
FLSALLGMLKNL,0
EQPGGDKVNLGYFTN,0
DECCAIPFCAKIFPGRCP,0
FLPIIAKLVSGLL,0
ATTDSPATLTGVI,0
CCPPVIWCC,0
SITKIKAREILD,0
GCPWDSWC,0
CCGVPNAACPPCVCNKTCG,0
TDVLGLPAK,0
PGMGIYLPM,0
MASHKVSLACTVCGSRNYTVTLSKDRTERLSVSKFCQHCGKHTLHQQTK,0
NLVQLGKMIFQETGKNPATSYGL,0
FLPAIAGILSQLF,0
MAQKKGGGSTRNGRDSESKRLGVKVFGGEYINAGSIIIRQRGTRVHPGANVGIGKDHTLFALIDGQVEFGVKGALKKAQVSVLPRS,0
FIYHSYK,0
TLNKVYKFDRDRRFL,0
LPRHTLHCVAYHGYCFHSKV,0
MNFKYIKKDG,0
GLFDIVKKVVGTIAGL,0
MEFGNLTNLDVA,0
YNFNVYTSCTARRK,0
TESLVLSPAPAKPKRA,0
PFNVGGLDKFGTLN,0
CCAPSACRLGCRPCCR,0
GLFDIVKKIAGHIAGSI,0
MTTFDFPSVLVPLVGLIFPAMAMASLFLHVQNNKTV,0
MKWAAPIVSEICVGMEVTSYESAEIDTFN,0
MNREEMHCDVVKI,0
GYLDYDEVDDNRAKLPLDAR,0
VLSHNNESSYSDTSSCTSQ,0
AIVGRPRF,0
GLFDIVKKVVGALGSL,0
WKPFKKIEKAVRRVRDGVAKAGPAVAVVGQAT,0
NLYQFKNMIKCTNTRMWWSFTNAGCYDG,0
GYIAYVHQNELVKR,0
INWKKMAATALKMI,0
KRTKAPFSRVVKFSIDEIRN,0
SIVLRGKAPFR,0
KSPPQALNKPLPAPSAPSL,0
VQGMVYCDTCRSANALGFMR,0
GYEEREVAETVRELDAA,0
AKEKIHINIVVIGHV,0
GCCRFPCPDSCRSLCC,0
MTYHKVSPDGRMSKEKENFFRYRNQLIVLNRYMH,0
MATPLVDPAK,0
IKIMDILAKLGKVLAHV,0
DVGPSTLANN,0
NHYSYSSPPPPPVVSSPPPPYYYYSPPPPV,0
VNSTYIGYAPIDDPK,0
KPPWRL,0
MEIKTTAVAGTLESSDIQIMISKGSNGIEIDLESEVKKAYGDQIEKVITETLKKYGLENAKVKATDKGALDCVIKARTLAVAQRATETQDKPDLEVL,0
VDPAQVSGSWRTAAIASD,0
MKLTCMMIVTVLFLTAWIFITADNSRNGIENLPRMRRHEMKNPKASKLNKRGCREGGEFCGTLYEERCCSGWCFFVCV,0
DEPEYAEAIREYQLKYGKI,0
MVQLVDLARCVSF,0
EQQQQQQPQNRRFRE,0
KGVNDGT,0
FLIGMTQGLICLITRKC,0
GCPWMPWC,0
MELFAALNLEPIFQLTFVALIMLAGPFVIFLLAFRGGDL,0
AWLVTCP,0
ECCHRQLLCCLRFV,0
QCCPTMPECCRI,0
MKGLPKFLSLGPVLLVLWLSVQATLLIVINIIYPDLLFYPLS,0
ITCCTRGTCAQHC,0
TIEEVLNLPPYVVAA,0
GRCCDVPNACSGRWCRDHAQCC,0
HEEAELD,0
GCIPKHKRCTWSGPKCCNNISCHCNISGTLCKCRPGLFGW,0
PAGHGARARTRDLFAR,0
EQSAGFREYIDFFDGYSLTY,0
IPLDTIAGYKE,0
RCLFWSVCP,0
YDASLKPNLQIPQKNIPNNDAVNIK,0
FHGHTKDSKKNIKK,0
KQATCSIPYEYSNGKFKRTLYYSNGVYANS,0
ALTEQASKVALTADL,0
FKSLTKYSPGRQN,0
PVVDTTGNNPLQQQEEYYV,0
NRPTYVPPPPRPPHPRL,0
ASDVTLNSFAEDVTVGECCDCVDLTTVY,0
ALVPLRLLLDHAAENG,0
MMIPGHFDYHRPKSV,0
MNSVQFKNHHHHHHPD,0
MDRRLLEILACPICKGKLVYSQDEQELICRFDKLVYPIHDGIPVMLPDSTRPLIER,0
MMKLVIILIVLLLVSFAAY,0
TDTKESDFLAEGGGVR,0
AGSMDSCSETGVCMKACSERIRQVENDNKCPAGECICTT,0
CEGHSHDHGA,0
NHQLTQENERLTQK,0
FIGMIPGLIGGLISAIK,0
APPGFTPFRID,0
TVLKTDAQCNCEAFKALSLP,0
ARARLGVRRFRRKR,0
EGFQLMDRGTFDEIGR,0
HQKYNPFRFVELVLVVDKAM,0
AESGFQPVVDRKGD,0
DNLKKRRRCADDD,0
TEVTFKVGEGSSGKS,0
AKAKRSPRKKKAAVKKSSKSKAKKPKSPKKKKAAKKPAKKAAKKK,0
MMCPRILMKCKHDSDCLPGCVCLEHIEYCG,0
QKKDRFLGLF,0
VLLDGNGEVVQNGGTYYLLP,0
MFSKLAQSSIKAMF,0
NRQPSKYGLEETI,0
MAYKIADSCVSCGACASECPVNAISQGDSIFVIDADTCIDCGNCANVCPVGAPVQE,0
PSATYFVR,0
KPCCSIHDSSCCGI,0
ADNPGDDGN,0
KQRSGESQNIIVGSWGAKVS,0
MANGTILAHSLRHHTPPFPRMPLGYSSSRAVRRSRWFLVLISCCCCCFRRC,0
DPCCGYRMCVPC,0
QGWPGPKVPP,0
GTTGT,0
AVHGQFATL,0
RTCIPIPLVMC,0
EYFIGVN,0
LENGLLRKPPMG,0
TETTEGDFIAEGGGVR,0
NSFCNLPAVVGRCKGYFPRYFYNTEAGKCQRFIYG,0
FPPWVL,0
QVWYDREVTAFVEPG,0
VKIGTYELLKGDFSV,0
FYDTTCPK,0
MFKEYKIYKFFEQVKQEAYKVVWPTKKELTASTLVVIVAVFVFSLICLVLDYGIHNIIQILLNIGK,0
GLVDVLGKVGGLIKKLLPG,0
MNNSCLSQSTQWWWRAN,0
KRPPGWSPLR,0
MCMLSWFISTSPLKEYCGGKRNLQRNNF,0
DRCIWPKEGFSIYWNIPTHFCHNFGVYFKEL,0
VTLDVED,0
MAAYLDPTGQY,0
ETFTVKMGGDAGTLQ,0
IWSGIQSAF,0
RCCGYKMCHPC,0
ARCENFADSYRQPPISSSQT,0
FMGGLIKAATKIVPAAYCAITKKC,0
CCIARQICEGCICCI,0
MGKGDRRTRRGKIWRGTYGKYRPRKKK,0
NDPCEEVCLQHTGNVKACEEACQ,0
ANPTFGFTPLGLSSDAN,0
ACVGENQQCADWAGPHCCDGYYCTCRYFPKCICRNNN,0
DAQEKRQPWIPFV,0
VIEVVYLRTPFSAGNATT,0
RGSNLTIHPLRNIIDLFYVG,0
MEPRMSGSNLRFPYSRAYGGAGVGRNFEKSSRFSVQKEGIGAPGSARTALQFKLFLLSRLFFIFTSHIP,0
FIGAILPAIAGLVHGLINR,0
RYCPSGCRKKPYGGGCSC,0
NAPWAQIDEV,0
APVPGLSPFRVV,0
MRQGIHPEYQQVLFHDTNADAYFIIGSTIQTKQTREYEGKVYPYVTLDISSASHPFYTGEVRQASNEGRVATFNKRFSRFKR,0
DYPKLTFTTS,0
NVQLDPFFQEQQQYYPQQQAFFLLQQQQN,0
METVAYIGLGLCVLGVCLISWGLWDLARIIKSLHDTK,0
SNTALRRYNQWATGHFM,0
KTGVNKPELLPKEETTVIDV,0
MDAVQELEHRITELEIQSALQEDVIAGLNAMVAELRQTLDLQQAQLRLLYQKMQDRNPDAQEPYSLRDEIPPHY,0
DDNGKPYVLPSVRTCGFDFTGAVEDISK,0
MKKRLTITLSESVLENLEKMAREMGLSKSAMISVALENYKKGQEK,0
MSKLGVLLTICLLLFPLTALPMDGDEPADRPAERMQDNISSEQHPLFEERHGCCKGPEGCSSRECRPQHCCGRR,0
ADLIQRRQRSEFQSDIKGILYTVIKKNPDL,0
LFSLVLAG,0
GLLKRIKTLL,0
MGIFNGIIEFLSNINFEVIAQLTMIAMIGIAGPMIIFLLAVRRGNL,0
SIFAFQDESPSAIAQAKLFK,0
MAHDLP,0
IVRRGCCSDPRCAWRCG,0
SVDFDSESPRKPEIQ,0
TDVGFDGWR,0
MKRTYQPSRIKRKRTHGFLARKKTAGGRKVLKNRRRKGRWRLAV,0
SVLEIGLMLQEETEKNPKTSYSI,0
KDDHCKDLGSIDDDE,0
FPPWF,0
VHYHDCFVR,0
TKCPTCQNDTCSNKI,0
VRYADENVRTKEAKKK,0
FLPLFASLIGKLL,0
AGQNTES,0
QQWAVGHFM,0
QKCCTGKKGSCSGRACKNLRCCA,0
AIGGLSRSFPVEAFE,0
FLPILINLIHKGLL,0
QSAREQG,0
MCLLVIKSVMLSIVISLRRLLDYLDLTLQVL,0
PNPLERRIQSDLIRAALEDADMKTDERSVEGVISTIKDFAVKVCCSVSLKFCCPTA,0
FLSLIPGAISAIASLFK,0
MAVKTGIAIGLNKGKKVTQMTPAPKISYKKGAASNRTKFVRSLVREIAGLSPYERRLIDLIRNSGEKRARKVAKKRLGSFTRAKAKVEEMNNIIAASRRH,0
VVSLSIPR,0
TVAACNSPKVGLDSDAELVR,0
EVEMLGDELRTLNQNLGLMR,0
RDCQEKWEYCIVPILGFVYCCPGLICGPFVCV,0
AVPDKIDPRESGYVTGVKDQ,0
AASGASIFSAKCAQCHLGGKNIINPTKTLSLADLQANGKDTVSAI,0
IDPKLLESLA,0
EQCQDMAGGAR,0
ALCNCNRIIIPHMCWKKCGKK,0
GVFCGELCIKASCSIPGCECIAGLCYKN,0
INWKAIIEAAKQAL,0
MKEIDIDTLISKIPNKYILTVVISRRARQLFEELKILKTVARDPLILAMEEVAQDKITYGEGSDSED,0
MFDDQDLGFFANFLGIFIFILVIAYHFVMADPKFE,0
MDWRVLVVVGPLLIAASWAVFNIGAAAIRQLQEFRSRES,0
SFKKGLFLGTILGGA,0
MVEALLSGIVPGLIPITLAGSFVIAYLQYRRGDQLDL,0
KCDVDIRK,0
MKRTYQPSVTRRKRTHGFRVRMKTAGGRKVINARRAKGRKRLAI,0
AYDPDPYKRYSAEHTFFLL,0
AGVWTVWGTI,0
ILGLLKGISALLS,0
MKRSYKTLPTYFFSFFGPFKERAVFLLVL,0
ADDKNPLEECFCEDDDYCEG,0
YHYYNPEENHFCATWDASKP,0
MFAIIRTGGKQIKVEQGQEIFIEKIKGEVNDKIAFDEILMIDGKIGTPTIKGAKVLGTIIKQGKAKKIRVIRYHPKKNVNKIYGHRQPYTKVKIDEISAK,0
MLITLGWASLAALFSFSIAMVVWGRNGDGSMNF,0
MSTSRLLLPTTNQQQNSSPVIKEVDLNQNTPIPVVWQKTKKPPFVSFPRHEPSETIVISSKPRLFSFAKKIKPEAEQRKRKRTTEI,0
STRTPEFLGLDNQCGVWA,0
FDGRNAAANDKASDLVALTVRGCCSHPACSVNHPELCG,0
QARPRHPKIPP,0
FDIMGLIKKVAGAL,0
MRVKINLKCSSCDSINYLTSKNSKTHPDKIEVLKYCPKERKVTLHLESK,0
KAVVLGKAGGTAELPCQASQ,0
MLTLKVFVYTVVTFFVFLFIFGFLSNDPARNPGKGNLD,0
MIKSDQET,0
ISAVKEMTVRDALNSA,0
QGGAPWNPIPP,0
GECCTDCAQTAAANYC,0
AIDYDEDEDGRPKVHVDAR,0
KIANGSGSEQDIAEAKI,0
AVGNEVFANR,0
MLMPKRVKYRREHRGRMKGRAKAVRI,0
MADAEDIQPLVCDNGTG,0
GSVFNCGETCVLGTCYTPGCTCNTYRVCTKD,0
MILALGDFLPKQEDKACERPWVQFPARPVIFFHHQGGIFLFSINQPNLSCFSKLKEVNSLYVRVATYICQKNESRFRTNRLKGDQ,0
MREKWKKKRSRRLRRKRRKMRARSK,0
YGGTPPFV,0
ATDYEDEEFPGAVPPSVGAR,0
CFIRNCPP,0
MSDINATRLPVWIGYSPCVGDDCIALLTRGEGLC,0
GDTRRQIL,0
VARSLLIFEVQQPFLFLL,0
YDGTNCKPGVCWEPKPGY,0
NSTMDSLLQLGR,0
FLPMIAKLLGGLL,0
GMATKAGTALGKVAKAVIGAAL,0
WFDPLRITETTTGSVTLK,0
PPPPPGPPPNP,0
SGSIIHSMEANVGYSPDKSQNMVLMGGLK,0
SDNNQQGKSAQQGGY,0
MESILMIFAKLPEAYAPFDPIVDVLPVIPVLFLLLAFVWQAAVSFR,0
STAGDTHLGGEDF,0
NGRCCHPACARKYNC,0
DYCCRRPTCIPIC,0
MLIYYLQSEKVLFFLYIFLLNFKLRIL,0
ADGSDPASGEFLTEGGGVR,0
MLNQVEVLREEYVEGYVVQMWRRNPSNAPVIEVFTEDNLEEGIIPEYVTANDDTFDRIVDAVEFGYLEELELV,0
ADVRNPLEEFRETDYEVL,0
YFDPFSLDVWDPFQA,0
RPPGFTPFRKA,0
MPNWLKKQMQKAFLEKDNYQIKLLNQCWYFYRKKHCS,0
GALVAAYGLYDGFLTL,0
MVEYLVILSGMFGLALACFFGLRSIKLI,0
MSQNTKGKLSLVGLSLMI,0
MAKFELPNLPTADDAL,0
LPSFLYAEMVGYNIL,0
MSKRVEVLLTQLPRPTA,0
GVLDILKNAAKNILAHAAEQI,0
DTARLQWH,0
ESECPWHPWC,0
EDAYKFTTW,0
NIPQLTPTP,0
QQDYTGWMDF,0
LSDYDEEEDERAKATLDAR,0
LGSLDEYAR,0
AVTSSVADTTTVVRDDF,0
GTLIGQDYK,0
DTVNAA,0
SGCCSNPACRVNNPNIC,0
GVACGESCVYLPCFTVGCTCTSSQCFKN,0
SCGYPCSHCGIPGCYPG,0
INWLKLGKKVSAIL,0
VNWKKILGKIIKVAK,0
CFVRNCPTG,0
FLGGLIGPLMSLIPGLLK,0
FLPLIGRVLSGIL,0
MDTKLGLVEEEAAN,0
TDVKESEFIAEGAVGR,0
IVGGQEATPHTWVHQVALFI,0
PAKQVAFAEHAREKMLRGVNVLA,0
GRTFFVGGNW,0
MSLRPCLTPSSMQYSDIYIPTHSLTSTSTLAVIPYPAF,0
ALFLDPPPNLWAEAQSLLEPWANVTLTSQSRLPVLNFQGL,0
MKRTYQPSRRKRVRKFGFRARMATRGGRAILRRRRAKGRRKLTVSDEKKPY,0
MKIRSSVKKICNKCYLIRRKNNLLVVCINNKHKQRQG,0
LPPWIG,0
MTKPNPNKQSVELNRTSLYWGLLLIFVLAVLFSNYFFN,0
GVGDIFRKIVSTIKNVV,0
MGIFSIFVISTVHYQPNKK,0
AGDKPGDALLDEWLG,0
MGDISPLTGTNGQIR,0
MREIEHIPPP,0
FWGALIKGAAKLIPSVVGLFKKKQ,0
QGRHPPIPPAP,0
TDTEFEAAGGGVR,0
IALQSPAGAARIRDYLYNELSK,0
MHTLFIVLLIIDCIALITVVLLQEGKSNGLSGAISGGAEQLFGKQKQRGVDLFLHRLTIILAVIFFLIMIGISYFGL,0
RKSAGKPKN,0
MENPYEKVQSNILARIIGNVERLNQSVVILNQELRRVNTKNKNLELMSQMCENYRESVDFQLQATSKKQDPL,0
GNYYGYCRVHLNTAY,0
GQLALKQQTVNRLLNKIYSPISDAYSELKQL,0
MYCTRCVFAGARGGERSPAAVLSVGKIPAPIVISGYLC,0
YGEPIGVETLTK,0
EWEPVQNGGSSYYMVPRIWA,0
FLPILGKILGGLL,0
MWISYLGFLIFYFILAAASYKILKRIKWI,0
RPEEIGAGDQGHMFG,0
AVPDVAFNAYG,0
VIDVNDEW,0
GAGGALFVHRD,0
SGHTKIKVAVDT,0
RNRRWCIDQQA,0
QFRPSYQIPP,0
ARYGKSPYLYPLGY,0
FLAKNVAKKLVSHVAKKQLE,0
VNDGYLDNGLQEGDFE,0
ILCINVAGRRIC,0
IIIQYEGHKH,0
AEELVKPYNGDPFVGHLSTP,0
EPNSMWS,0
ATFDIQNNC,0
DLSNLLSRVPNERSN,0
LSLQEFLGLWR,0
MENIEQRVKKIVAEQLGVNESEIKNESSFVDDLGADSLDTVELVMALEEEFECEIPDEEAEKITTVQQAIDYVNAHLKK,0
MDYTQILIKPVISEKATDIKEAANQVAFYVLPSANKTEVKKAVESAFDVKVDSVRIVRKRPGLRRKFGRVVGKLSGYKKAYVKLSEGEKIEFFEGV,0
KQFTKCELSQVLKDMDGYGGIALP,0
VVGGAECKIDGHRCLALLY,0
MLYYALVFFIIAIVAAVFGFSGIAAGAVGIAKILFVVFLIMAIATFVVNLLRGR,0
MRRKVKNTKRHQWRLTHSARSIKRANIMPSNPRGGRRF,0
IIDYYDEGEEDRDVGVVDAR,0
DTRPPGFTPFR,0
GFLDIVLHVGLAAGKAALNAVNEAVNQ,0
VIGGDECNINEHPFLVLVYY,0
MKRLTLVCSIVFILFILFYDLKIGTIPIQDLPVYEASAKTAVQEPAYKTVKVKPGDTVMSIVGSAGSPDDIVKDFEALNPNVKANAIQAGTAYKFPVYP,0
MDILTLGWVSVLTLFTYSIAMVVWGRHGM,0
GPPYQPLVPR,0
YIQGYSGDVR,0
PHAYPFLSPEQKKEL,0
VRPYLVAFYESH,0
ADVPGNYPLDSYGNCYPCTILGDNQYCI,0
MNRLKEIFQKEITPALVSKF,0
AYVSQSGAPWGLGRISHK,0
QLWPRPHIPP,0
RPPGWSPFR,0
MPKLEMMLVVLLIFPLFYFDAAGGQAVQGDRRGDGLARYLQRGDRNDESECIISTPGSSWGRCCLTRMCGTMCCPRSGCYCVYHWRRGHGCACSD,0
FLFFAFPHPL,0
EYPVVFVKGLFPGKG,0
SGDIKAILERNGSERTRLIDILWDVQHLYGHIPDEVL,0
FIGGIISLIKKLF,0
MESIAYVLIFACLIGLFFFAIFFREPPRITKK,0
AKSDVAELKPR,0
MKFYTIKLPKFLGGIVRAMLGSFRKD,0
MRLRRLFKQPSTRVLGVTNCPRQQGHQKRREQPD,0
FLSLIPKIAGGIASLVKDL,0
MTLIKYKRKNIQFYKKIIANGYAK,0
LAAGKVEDSD,0
NFSCPPDWYAYD,0
MSLRKSKYEVLERLEVGLRIVSLALVVAKTLVELVDTTLI,0
ADLTR,0
MTRRYWNIDLE,0
SGLLINQPKYSWLKELGL,0
SPLEQFSILMLIPM,0
NQEGLFRGR,0
RGSNLTIHPLRNIRDIFYVGNITIG,0
SCCARNPACRHNHPCV,0
LQQAEARR,0
MKKTTIIMMGVAIIVVLGTELGWW,0
QTPQWATGHFM,0
DSSVLTSEYPR,0
QIPWFHR,0
VAAGGWRPIESLNSAEVQDV,0
AEYDVSDADIEAFYQ,0
LKCHKLVPPFWKTCPEGKNLCYKMYMVATPMLPVKRGCINVCPKDSALVKYMCCNTNKCN,0
LSLHEYMSMELLQEAGVSIP,0
IVGGVSVAIE,0
NLVQFSNMIQCANHGSRPTRHYVDYGCYCGWGGSGTPVDELDRCCQTH,0
AEYPNDVNLTVYWDP,0
YGLAGDHVLDAR,0
VVGGDCIPQVPFLAFLYSEYFC,0
FLKPSVAGFLLQKIGVIESLLEKFAVGTESIAK,0
MQMQEKGWKIIIEEQ,0
LKLKDILGKIKVILSHLNK,0
IYEPEIA,0
MAKKSMIEREKKRKKLVEKYAEKRRELKEQFMKAEDLEQKIELHRQIQRLPRNSAPSRVRNRCWLTGRPRGFYRDFGLSRNVIREMAHEGLLPGVVKSSW,0
AGLPTEEKPPLL,0
GNALGKEGLKAI,0
YEDAYALQYCPR,0
GSNIEVMLGLPNSDVK,0
TQSTGTSQTVEVGLWGGPDN,0
WTFGQGTKVEIK,0
MPGLDSPAAVRRAAMDLLAR,0
EDPVRFNLG,0
MGSLESERFVVDVAASNLDK,0
DNPNHSR,0
QNAHPSPKVPP,0
MKIILWAVLIIFLIGLLVVTGVFKMIF,0
MVRNKAKGFPNQNNNKFEGEPRAKDDYASKRADGSINSHPQERMRASGRR,0
LRPAFIRPKGK,0
MNSNLTALRTVQASRPFLSNKKRMALFVQEKLA,0
MKNNKNLFDLEIKKETSQNTDELEPQTAGPAIRASVKQCQKTLKATRLFTVSCKGKNGCK,0
FLPGLLAGLL,0
DTLKSEKNADFKDLY,0
FLPKMSTKLRVPYRRGTKDYH,0
MNKKLSIIFLIFALIASVLCSAEDPHLFHSSSTTTTTSSSGGTSGTDSSINTGSSYSGSGSGSGSTGGSGSGSGSGTAKWK,0
PNPKVFFDMTIGGQSAGRIVMEEYA,0
SDCACLHALGHVAR,0
YQTSSPGSNITIGPL,0
PLFDKRQRCCNGRRGCSSRWCRDHSRCCGRR,0
FLPLIAGLLGKLF,0
MSDINATRLPIVGILGLPCIGDDVNSTLTHGEDLC,0
SPVISYDKT,0
MNIDIVSMAWAALMVVFTFSLSLVIWGRSGL,0
ECCRYVDCRRGCTPCC,0
QDPYVDFLK,0
ELEPQGPPHLGTDLSKKQGPWAEEEAAYGWMDF,0
VFEIAPSAK,0
FLPFLASLLTKVL,0
GAAILTNDNAMDALQDL,0
AMTEELEAVENNGVR,0
MSDELIHVVIALGLVISFGLGAITAGVLR,0
EGPVGLADPDGPASAPLGAP,0
MFRCPICGFKTLRLFALKQHTRREHVLVKCPICGFTGKHLSQHFYSRYDIDHLIYCYLFSSFRLPKNVRLAIKRKLEVE,0
VDFFA,0
CCSQDCLVCIPCCPN,0
SAIACGESCVYIPCFIPGCSCRNRVCYLN,0
MSLEVILQLGSILLVVAAGPLVIVLLSVNEGNL,0
YQCGQGG,0
MASGQESRKELDRKAREGETVVPGGTGGKSVEAQEHLAEGRSRGGQTRREQLGQQGYSEMGKKGGLSTTDESGGERAAREGVTIDESKFTK,0
MLADVFEKIMGD,0
METVLSAPEVFIALVVAAHAAVLALRLSISLYEA,0
MISDTQIFVALILALFSFVLAIRLGTSLY,0
ILGKFCDEIKRIV,0
AQPPQADFL,0
MCDILLNVLNIVFIGIAIILVIIC,0
ISGKPARTPT,0
SDNSVVLRYGDGEYSYPVVD,0
MDILSLGWSALMVVFTFSLALVVWGRNGF,0
KKWGWLAWVDPAYEFIKGFGKGAIKEGNKDKWKNI,0
TRTPVNVTVTGAAGQIGYALLFRIASGHLLG,0
ADSRNPLEEEFRETNYEEF,0
MTRLLMLLVRFYQRYLSPLKGGPTCRFTPSCSQYAYEALAKYGAIKGTWLAVRRVLRCHPFHPGGYDPVP,0
ACCVYKICYPC,0
AFANTGVEIVSIDTYLFSLYDEDK,0
EAPPGFSPFR,0
VDTSRLFLTVVNNPPTVV,0
GEDEYAEGIREYQLIHGKI,0
TIFLQQQQQQQQQQQ,0
GVGCSSGCHKVGGQCRCG,0
MENIKMEMIYFAAAIMLGMAAVGAAIGISLLGGKFLEGAARQPDLMPILRTNFFIVMGLVDAIPMIVVGMALYLIFGVAA,0
MRVKLFQLRGMLSGSRIL,0
VFGTLGSTDDSLFGRYKQDIFNDHRGHLQGQAYGSR,0
MKVRASVKKICRNCKIIKRSGVVRVICVEPKHKQRQG,0
MKTISRQAYADMFGPTTGDRLRLADTELFL,0
IIEKLVNTALGLLSGL,0
GFGCYRSCWKAGHDEETCKKECS,0
DDCGTLFSGCDTSKDCCEGYVCHLWCKYK,0
NLFQFAEMIVKMTGKEAVH,0
EPFKISIHL,0
MPSWHGMVLLPYVKHTHASTHTHTHNIYGCACELVFH,0
SVVDGWTTFR,0
QNARIAVVYFAGY,0
GCVLYPWC,0
GFGMALKLLKKVL,0
MDTQGFSCLLLLISEIDLSVKRRI,0
GVPTVNAV,0
GGCCSHPACAANNQDYC,0
MKVQASVRKICENCRLIRRRRRVMVVCKNPKHKQRQG,0
MKVRPSVKPICEKCKIIRRKGRIMVICENPKHKQAQG,0
QLFQPPFR,0
FLPPCAYKGTC,0
MTKDEPLEGNVGVLT,0
QSFGNQWARGHFM,0
CCGVPNAACHPCVCKNTC,0
AEPNVTVTGAAGQIGYALLFRI,0
MQVNPNPNKVPVELNRTSLYLGLLLVFVMGILFSSYFFN,0
MPQSKQQFKRQGARQRDSKGKFVKARTGMATAPPAAVSTAAPTASTMTPTGSSTTATIGGATTGASTTTAVTGCGCNCCSH,0
MMKLLIIVVLLVISFPAY,0
MRLSANRQGNTCAGRSVNA,0
SGLQLLDLSNNREVEML,0
MAGTGRVPLWLVATVGGIAVITVLGIFIYGSYSGIGSSL,0
AIKVFHIVAETGIHARPAT,0
GDDVLSACCD,0
RAHFLPPLLLL,0
FSGSVNQACSGFGWK,0
MVSQNPNRQKVELNRTSLFWGLLLIFVLAILFSSYIFN,0
LRPDDLSDT,0
LRPAVIRPKGK,0
ITCLSDINSK,0
VTAKAVAAAEAASSAR,0
DNSCTPKPSCFF,0
MDMRLLIVLLPVLAAASWAGFNIARIALRQLSRLGSR,0
FDGRNAAGNDKMSALMALTTRGCCSHPVCSAMSPICG,0
ANQTYFNFQRFEETN,0
ASGPCFPNPCQNDGECHVIDDSHR,0
AYGESANVFGAP,0
ARPPGFSPFRIV,0
GRREDDYDNLQL,0
ADLFLR,0
AAQEGETLTVEETV,0
ANNPGARKAIRKIEARTEVN,0
YAEVPSPAAQAPTAD,0
AEYTLPDLGWDYAASGPG,0
KVPVDDQFRRVNNGGATDTR,0
QQDYTGAHMDF,0
TLASAIASAR,0
MRRAVILVLDRAGPV,0
NKLKPSQWISL,0
GLGSLVGNALRIGAKLL,0
AFVKGSAQRVAHGY,0
MPEPAKSAPKKGSTRTAAKGGKKRRKSRK,0
YGLAADHVLDAR,0
ALVSADGDSWFAR,0
MAVKAISGCDKDQELI,0
MDFNISGIGNVS,0
SYEQYFGPGTRLTVT,0
DAHNEDEEHAEGS,0
QGRPPHPPIPPAP,0
DSSESNEIDDVLFLGRRDANSFMKYPQLGN,0
SPPFTSDQDLYTDSR,0
LGKSVTN,0
LTPETASFPR,0
MLEGLFKNKKQEEADEGDQVLILDILDEERTMLPPGFEIVSTTQDGKIIAKDREGHLWVIK,0
MKRQDLPRSRSLRSCE,0
SDTTAGSYAEALAELLTIDPSLIVTTVDTQLAVAG,0
GPEEWVK,0
MKRNDKILHYRGLN,0
NGRRYTTYGCSPPVT,0
MAKASARVIITMACTDCKNRNYSTYKNKKNDSGRLELRKFCPTCGHHTLHRETR,0
MNSALFLAKLPEAYAVFKPIVDILPVIPVFFLLLAFVWQAAIGFR,0
LTWKIPTRFCGVT,0
KKDGYPIQENGCKY,0
FLIGMTHGLICLISRKC,0
LLPILGNLLNGLL,0
MDYLITFYHSPQTNS,0
FDVMGIIKKIAGAL,0
VVDIVDTFRNNIQGATK,0
MIEPLLCGIVLGLIPVTLLGLFVAAWNQYRRGGSALGG,0
GVGSFIHKVVSAIKNVA,0
QESGEVIIEIPR,0
ATGWSAFFIDGKWTEAKK,0
HHDHHAAVGGGGGGGGGA,0
MATQGFSCLLLSVSEIDLSMKRQYKQIR,0
SMLSVLKNLGKVGLGLVACKINKQC,0
MSQSKYRQL,0
SGANVLTFGAGSRLTVL,0
MKRNIFCHFMKNFHERLDFPPYPGSIGKKIYKNISKKAWEIWKNHQTILINEKQLNMLNKKDRKTIEIEMINFLFKNK,0
GPMEDPLEIIRI,0
GEVFAFPR,0
AESKKGFLPVIDKKDGYTFLYPFGGQEVSI,0
VATFTLPDLPYDYGALEPAV,0
RPPGFDPFR,0
MYDDLIEQCHLSMERKSKLVDKALNKLESTIGQSRLSYLPPEIMRNII,0
VYINKLTPPCGTMYYACEAV,0
QGGAGWPPIPP,0
FIGGIISFIKKLF,0
MAQDAITAV,0
LLACLFGNGRCSSNRDCCELTPVCKRGSCVSSGPGLVGGILGGIL,0
GKPICGETCFKGKCYTPGCTCSYPICKKN,0
TPQIQKPAPQFSKTALLPDE,0
MESVAYILVLTMTLAVLFFAIAFREPPRIQK,0
QNWPRPQIPP,0
VETDKATVGF,0
APVAQEGN,0
SDDDGTVVLTTSGPIRGKRLQVGSAAVTAF,0
MADEALQHTFFA,0
VDKPDYRPRPWPRPNM,0
GLKDWWNKHKDKIVEVVKDSGKAGLNAA,0
AIGPVADLHI,0
MSKVCILTGKKHQYGNTVSHANNHRRTRFEPNIQAKRIWLEEEKRWVKVKLSAKAIKIISKRGTAELAKLLQGK,0
EEEDKKEDVGTVVGI,0
VAPFPHGKLVTYKYIADVKAGVDPSLV,0
FHGGSWYRFPWGY,0
MTTITLKLNEPIDVALRRFRRDIEKTGLIRELRARTGYEKPTTERKRKKASAVARQRLQAKRLLPPRKMY,0
ILNRCCNDDN,0
MSLDLVGMYGSFLSEGANLRPFGRYAKIPRIGSHMTRYVEFLRRRISGRA,0
LVSVSPAFNGNYFVE,0
GILDFAKTVVGGIRNALGI,0
QPEESVFFA,0
MDFIIDIIKKIVGLFTGK,0
MKLIAKTRILNTLVFSAAGK,0
LSTDIVAPPV,0
ATLTVFFRDN,0
QCGQAWC,0
DCCWPGRPDCCAP,0
EACYPPGTFCGIKPGLCCSELCLPAVCVG,0
VTSWSLCTPGCTSPGGGSNCSFCC,0
FEDGKKVRFFKSNKETIK,0
NLYQFKNMIEEAATGT,0
GVYVIEEDVATYTIK,0
QGGWPRPGPEIPP,0
GFVALLKKLPLILKHLP,0
MAVPKRRNSKTRGAKRRTHYKIKLSSVIKCSNCGAYKRPHRVCPSCGEY,0
NTGELFFGEGSRLTVL,0
GPLQLSWNYNYGAAGK,0
KADAVFAFQLR,0
ALIFATLSAAYIGEALE,0
DGRCCHPACAKHFNC,0
MSEVAEKVKKIVVEHLGVDEAKVTPEASFIDDLGADSLDTVELVMAFEEAFGVEIPEDAAEKIGTVKDAIDYIEKKKAE,0
GAVSGLLTNLGL,0
SKDNYKNYIPLIVPFAT,0
MPKRKSPENTEGKDGTKLTKQEPTRRSARLSAKPVPPKPESKPRKTSAKKEPGTKISRGAKGKKEEKQEAGEEGTAPSANGDTKVEEAQRTESIEKEGE,0
NEEVLFGGR,0
GADFQECMKEHSQKQHQHQG,0
DDFLCAGGCL,0
APQANSFYVGAKAGD,0
AQENETNESGSID,0
MLPRKYKPAYKKQAHRVKSNPQPAYTFQ,0
CEDGGVPSASCRANTEDYRYCNACYLQEVIGK,0
MKATFVLHGWWRTS,0
MFHDLPGVK,0
AFQTSFVFQRFYETN,0
GSLGEKYAQKAAEVLTSIIP,0
MAFLLPFLCNCCNPMSLLCGGGCDLISCCCRGGGWQPMARQPIYPYGSPMGAHVYYPPPVAQPPVRGPVRVPQGERPVDGLR,0
YKDQGLEILAFPCNQFG,0
FIQYLAPLIPHAVKAISDLI,0
KRKCGLCKYRCCSGG,0
DVNWPLGWPVGGYPG,0
ELLSEINR,0
LVDERMSTEGTGLSLGLSNN,0
AGVDPAIPAYVKTNG,0
MNKLFFVVFLCLIISVLAIGPADLGCTDMPQAEFDEKNANCEKCGNEEGFGEEMVSRCRDKCFTDNFYQSCVDLLNKVYEEKDVPVPPEE,0
MSVLVYSFASFVLGWCLRSGITYFTRLMETSS,0
FENEDEGYFQDPEDCS,0
MSTRRQAITLYRNLLRESEKLPAYNFRMYAVRKIRDAFRANKAIRDFAEIDRQMEAGKQNLELIRRQVIIGHLYTADKLVIENKKTLSPLDD,0
MDIQVIKQAVREVLREELPSILKEVILSTIPPDEPEADEKQFVDEEINEDDYVKFDE,0
KPEEDWGRES,0
ENCGRQAG,0
FLPKSLFTLVTDKSL,0
GFGSVLGKALKIGANLL,0
PKPPDRG,0
FLSLIPHAINAVGVHAKHF,0
DVSLPAEGFR,0
MLNLLCAVYKSSKKADTYLYVPGRDDFSRVPESLMKMFGAPRFIMIMPIKKDRTLGQVDIQTLRDELTKNGFYLQLPPPEENLLKQHLAAQSPKD,0
WLRMASGLTDYR,0
KPSGCGEQNMINFYPNVL,0
LTLDRASDDTDVAAEIMSGLIALAIDSCCSDSDCNANHPDMCS,0
AEPLASQLKEPIAGGGWWAA,0
NLYQFGNMIQCTIPGSNPLL,0
SYPNKQPYGPSGFWM,0
FLPFIAGMAANFLPKIFCAISKKC,0
GYPRKTVDVFTFTN,0
GPIPWQRRI,0
MLVITRKKGESLLIGDDIEITVVKLDDGSVKLAIDAPKNLTILRKELYNEVQEENKKATNFNPSILKNIKSK,0
MNNWWVYPCFEIDVVASGFDLPVAIAFPSEQRKGKNDVVELYGKVK,0
RPPGFSPFRIAPASSL,0
DFKCPSEWYAYDQHCYRIIN,0
YQKSSPGSNITT,0
ASVHEFLVK,0
MARKYGKAARKCSRCGDHSAIVRRYGLNLCRQCFREIAPKIGFKKYN,0
VSGSGIMAKRVVVDA,0
MKVRASVKKICDKCKIIKRKGVVRVICDTPKHSQRQG,0
EFPTDYDEGEDDRPKVGLGAR,0
INWKKIAEIGKQVLSAL,0
EDRTY,0
YDIPEPFRWDESFKVFYE,0
TSTLSWLDEITMEELERNPY,0
QKKDKKDRFYGLF,0
LYKLVKVVLNM,0
GLPTCGETCFGGTCNTPGCSCSSWPICTRD,0
VEWTDAERKAIASL,0
TDKLIFGKGTRVTVEP,0
FLVMFLSG,0
GPPLLPPLP,0
AKTFKYIILG,0
TYNNNLIR,0
KQCTSNMCSADCSPGCCIIDKLEWCTCDC,0
GIVDFAKGVLGKIKNVLGI,0
NDWRNAMYPVVPGHE,0
ETLSSARFRCKPNSEWRTQIPLFPQEVEACVLS,0
FPPWE,0
VVGCPWQPWC,0
APSDTTIAETLTITEEFFPD,0
AKNIQYFGAGTRLSVL,0
MKVRASIKRICRECKLIKRHGVNRIICVNPKHKQRQG,0
GGCCSYPPCAVSNPQHC,0
MSDINATRLPIWGIGCNPCVGDEVAALLTRGEALC,0
EATVDMPLD,0
QPWLPFR,0
RCCGYKFCHIC,0
MLLHRLSKFCKIERDIVYIS,0
GLLDIVKKVVGAFGSL,0
IVPFLGPLLGLLT,0
MATMTKKKLISTISQDHKIHPNHVRTVIQNFLDKMTDALVQGDRLEFRDFGVLQVVERKPKVGRNPKNAAVPIHIPARRAVKFTPGKRMKRLIETPTKSS,0
LNLKGLFKKVASLLT,0
FLFVGDL,0
GWKDWLKKGKEWLKAKGPGIVKAALQAATQ,0
QGPPISIDLSLELLRKMIEIEKQEKEKQQAANNRLLLDTI,0
RATVNGLPA,0
DSDSAFLIG,0
MIKVPLPDVIFVAHRNKHTRQGNITQTKY,0
MRYYGSYYRGLGYGCGGFGGLGYGCGCGGYRYGSGYGGYRYGCCRPSCREGYGFSGFY,0
MNQGKIWTVVNPAVGLPLLLGSVAITALLVHLAVLTHTTWFPAFTQGGLKKAA,0
QQCGRQASGRLCGNRLCCSQWGYCGSTASYCGAGCQSQCRS,0
MKSNKATFFLGLLLVYAFCIMLIESRCYTNDDCKDGQPCPVPLACLFGSCICPWKSQSKLPICQIICANLD,0
MKVRPSVKKICDKCKVVRRRGVVRIICENPRHKQRQGN,0
FVPLLVSKLVCVVTKKC,0
MDITSIAWGALMVVFTFSLSLVVWGRSGL,0
IKWKAILDAVKKVL,0
SHTCEICAFAACAGC,0
GLLPCAESCVYIPCLTTVIGCSCKSKVCYKN,0
LSSGEKDLVVIGSGPGGYVAAIKAAQLGMLTVCIEKYPTFGGTCLNVGCIPSK,0
MLSPSQSLQYQKESVERALTCANCGQKLHVLEVHVCEYCCAELMSDPNSSMYEEEDDE,0
GNRPVYIPPPRPPHPRL,0
MAKAPVRKPKKKVCVFCKDKAAQSIDYKDTTLLRKYISDRGKIRARRVTGNCSQHQRDVAIAVKNAREMALLPYTSTAR,0
GYEEREIAETVRELEEA,0
GVFTFEDESTSTVAPAKLYK,0
MINLPSLFVPLVGLLFPAVAMASLFLHVEKRLLFSTKKIN,0
MKHSDNLRSVRSEYADADGSRCVYLTFDDGPNPLCTPPDI,0
MLTIISYLVLLVGALTVTLVIYLGLLKGVKLI,0
MKVRPSVKKLCPKCKIIRRHGVVRVICDNPRHKQRQG,0
GNLVRKSVEHLTQE,0
FDKNQPWGVIRDLNVVNFKR,0
FPLPCAYKGTYC,0
MELTTTQIFVELILSLIPATLAFNLGKELTK,0
GNWCCSARVCC,0
LYGNLPF,0
FAKRYVELVIVA,0
DVTFSMLGANGATYYQFF,0
GILDVAKTLVGKLRNVLGI,0
LFFKGEKKL,0
MQYISLNTTIITTTETTGYGAG,0
ISALFDEYEPLNDAD,0
GGGSNFGQFAGGLLDR,0
MRVKVTLACTECKRRNYNTMKNKKNDPDRLEMNKYCPHCHKHAAHKETK,0
AYGEAANVFGAPK,0
MKKTCVVSVFLVLLLLKFHDLSMGEEISPLKKVAPREQIFPCPGFPCPKGYFCDKGSQKCREGTD,0
EDKYTDKYDNINLDE,0
MEYSYPFSTDWSTEEIVDVVQFFEGIEQAHEKGIKREVMMAKYRRFKEIVPSQAEEKTIFREFEEASGYISYPVVKQTKEAADGTIIKIVPKKNR,0
FKCMSEWYW,0
FLVALYTFR,0
ITFSKIYRSCKSNSVCGNQKCVRGRCV,0
MNPNCARCGKIVYPTEKVNCLDKFWHKACF,0
MIYRELNRALAIL,0
TIMSHNVP,0
SQTQSFNFNKFEQNK,0
NYGYTFGSGTRLTVV,0
MGQLNVLTGSKGEIR,0
MRALRVSQALVRSFSSSTRSHLENRVAEKQKLFQADNDLPVHLKGGGMDNVLYRLTMTLTLGGTAYCLYCLGWASFPHKK,0
MACKVKAELEAAFKKLDANGDGYVTALELQTFMVTLDAYKALSKDKVKEASAKLIKMADKNSDGKISKEEFLNANAELLCQLK,0
NNQLNASHK,0
TKKDGEEKVA,0
TGVAWRIT,0
GLLDVVGNLLGGLGL,0
GLGDILGLLGL,0
MANTQNISIWWWAR,0
AKELLDSDGIILRNGANYYI,0
MWTKPSFTDLRLGFEVTLYFANR,0
FLPLLLAGLPKLLCLFFKKC,0
AGEPANNEDRFNY,0
DPLGSTEEFSR,0
TVTPEQDRYLQVKKY,0
HEEQITQPSATNDEA,0
GLPTCGETCTLGKCNTPKCTCNWPICYKD,0
AFELPALPYAKDALEPHISA,0
FTAASQTLEAGR,0
FISAIASFLGKFL,0
NYQYSPPPPPKKKYY,0
LYSLLTEK,0
FLSLIPTAINAVSALAKHF,0
MAVPKKKTSKAKRDQRRAHWRRQASSQAQKALSLGKSILSGRSTFLYPPAEEEGEEE,0
SADIVKKLWDNPAL,0
FLAKKVGKQLASHLAKKQLE,0
AEPVEPWS,0
GFASFLGKALKAALKIGANMLGGAPQQ,0
MSSSQFFILCIILISSFPLHECENGKSVEASNAAKTLCMSVNCDNKDRNLTCACCLAKSKNRCYSSKSECVADCKD,0
VDSEDLIEAFKIYVEDDNEHLQGSVD,0
MPSQKSFRTKQKLAKAQKQNRPLPQWIRLRSGNTIRYNAKRRHWRRTKLNI,0
MKTNPL,0
MFTGLPALSYEQQQQAVERIQQLMAEGMSSGQAIGMVAAEIRENHTGGHVAVMFDEDEEDYMGDNNHDEEEPEEE,0
DSVGSTTAHKQQNINHLLDK,0
HKQGDFVLRVGAASVVPNDS,0
GIYCIFEGGTPDDR,0
FCTMIPIPRCY,0
MTASMRLK,0
ELVTLSGAHTIGQAR,0
GVLGTVKNLLIGAGKSAAQSVLKTLSCKLSNDC,0
MAREIITLACTECKRRNYTTTKNKQKHPERLELRKYCKWCRKHTIHREVK,0
KTCENLADTY,0
VVKQGLLAGRIPGL,0
GTLKGIPTDDEQATGLERRT,0
FVQWFSKFLGRIL,0
QKNDKKDRFYGLM,0
MKVYTDIFTRDEFLSDSYPM,0
AFCRFNGQQCTSDGQCCNGRCINAFQGRICIG,0
IVGGAECVPY,0
GRKKGVQFDEGAPDDFDPNNPYKKDVAFL,0
IYGGDPQELSLLIKPYARRIEISGETLFCYTPDPEQVRAQLRGHRGLRLLERPPNLEDVFLRLTGREMGKYQ,0
GFGFVTFGNEK,0
HECCKKGFCDPGCDCCDQ,0
MSTIISYFGFLLASIIFTLILFISLSKIQLI,0
AVGDDTPQLY,0
DLVFYCPKCTAERQTACPKL,0
NLYQFGNMIQCTIPKRLSWSSFVDYGCYCGKGGSGTPV,0
PKVSPRWPPIPP,0
AWKLFDDGV,0
GKPFYPPPIYPEDM,0
IVDYCPAGCR,0
TDPDADEGEFLAEGGGVR,0
KLQLPTLDDPVPIGIAPAIT,0
MDIINIAWAALMVIFTFSLSLVVWGRSGL,0
YGETAAVYVAVESR,0
AAKLLLNPKFRCKAAFC,0
MDETIVTDKGVAEFSFFKF,0
INWLKLGKMVIDAL,0
MFEQTLTSDALVTTTHNHAAEPTQRPLRDSVQQALRNYLAQLNGQEVIDLYDMVLSEVEAPMLDVIMQYTRGNQTRAAVMMGINRGTLRKKLKRYGMN,0
MTDLNLPSIFVPLVGLVFPAIAMASLSLHVQKNKIV,0
