sequence,label
AAPFLECQGRQGTCHFFAN,1
ANIKLSVQMKLFKRHLKWKIIVKLNDGRELSLDA,1
ARPAKAAATQKKVERKAPDA,1
ASWSACSVSCGGGARQRTR,1
ATPFIECSGARGTCHYFAN,1
CDSDSDITWDQLWDLMK,1
CELDENNTPMC,1
CETWRTETTGATGQASSLLSGRLLEQKAASCHNSYIVLCIENSFMTSFSK,1
CKITRCPMIPCYISSPDECLWMDWVTEKNINGHQAKFFACIKRSDGSCAWYRGAAPPKQEFLDIEDP,1
CQNHHAKHGKVC,1
DDDDDNDKIPDDRDN,1
DDDDKRAGSPSGGPFCALARQPLTGSPPNERAFFCSSRDV,1
DFKLFAVYIKYR,1
DGRELCLDPKENWVQRVVEKFLK,1
DGRKICLDPDAPRIKKIVQKKL,1
DLWIRETLTSPKSLTG,1
DPFFKVPVNKLAAAVSNFGYDLYRVRSSTSPTTN,1
DPPEGLUGTKPPROH,1
DRSTREPIYMSTI,1
DSSPVSTEQLAPTA,1
DTAVTGLASPLSTGKILDQKAYSCANRLIVLCIENSFMTDARK,1
EDMNQKLFDLRGKFKRPPLRRVRMSADAML,1
EGLPGPQGPKGFPGLPGLTG,1
EIPSCESSASPDQSDSSVPPEE,1
EKSSRPEFYKVILGAHEEYIRG,1
EKYEGKISKTMSGLDCQAWDS,1
ESLARPCAPGAPAEARL,1
FCNINNVCNFASRNDYSYW,1
FLKDHRISTFKNWPF,1
FLSSRLQDLYSIVRRADRAA,1
GDVIDTDRDIDR,1
GFHDHGPCDPPSHK,1
GHRATSDLASTGEESQD,1
GPWEDCSVSCGGGEQLRSR,1
GPWEPCSVTCSKGTRTRRR,1
GPWERCTAQCGGGIQARRR,1
GPWGDCSRTCGGGVQFSSR,1
GPWGPCSGSCGPGRRLRRR,1
GVDITVIRPNH,1
GYCSWYRGWAPPDKSIINATDP,1
HGLGHGHEQQHGLGHGHKFKLDDDLEHQGGHVLD,1
HGSTTLRDITV,1
HHPHGHHPHGHHPHGHHPHG,1
HKLINTEGHHS,1
HNRTPENFPCKNL,1
HTHQDFQPVLHLVALNTPLSGGMRGIR,1
IMRIKQGQIGQMTI,1
INEFLERSGIPRQRNQ,1
INGSLDKRLLPDVET,1
INGSLDKRVQDCYHG,1
INLEACLGRTLMD,1
INLEACLKRGRT,1
ITMQGIQGQKIRMIMF,1
IYSFDGRDIMTDPSWPQKVIWHGSSPHGVRLVDNYCEAWRTA,1
KAFDITYVRLKF,1
KCGHKHQCAVHN,1
KIKSCYYLPCFVTS,1
KNECLWTDMLSNFGYPGYQSKHYACIRQKG,1
KRFKQDGGWSHWSPWSSCSVTCGDGVITRIRLCNSPSPQMNGKPCEGEARETKACKKDACPI,1
KSVRGKGKGQKRKRKKSRYK,1
LHCPALVTYNTDTFESMPNPEGRYTFGASCV,1
LLRISLLLIQSWLE,1
LPGLTGSKGVRGISGLPGFSG,1
LRRFSTMPFMFCNINNVCNF,1
LRSRGELVAKFLAGEQSPEDYVAE,1
LSSTCILVLVKDILVLVVKEILVLVVKDKPI,1
LVPLPKIKNSTFT,1
LVPRGSRAGSPSGGPFCALARQPLTGARLMSGLFFALHET,1
MEPECNLNCTD,1
MFSPILSLEIILALATLQSVFAQPVICTTVGSAAEGS,1
MLQNSAVLLLLVISASA,1
MPTWAWWLFLVLLLALWAPARG,1
NGKQVCLDPEAPFLKKVIQKILDS,1
NGREACLDPEAPMVQKIVQKMLKG,1
NGRKACLNPASPIVKKIIEKMLNS,1
NGRKISLDLRAPLYKKIIKKLLES,1
NVLLSPLSVATALSALSLGAEQRTES,1
PGLKGKRGDSGSPATWTTRG,1
PTGERLRTCERLSYP,1
QEPHRHSIFTPQTNPRADLEKN,1
QMIVIELGTNPLKSSGIENGAFQGMK,1
QPWGTCSESCGKGTQTRAR,1
QPWSQCSATCGDGVRERRR,1
QQMNQKDFLSLIVS,1
QRTESIIHRALYYDLIS,1
RCRLAERRQIAK,1
RGFTKMPHVQIHTEASESL,1
RIFGESVSLRVQDWEW,1
RPFVEMYSEIPE,1
RQVFQVAYIIIKA,1
RRPAAAGKRRREKQRPSDKPRR,1
RRPKGRAMRREKQRPSDKPRR,1
RRPKGRGKRRREKQRPTDCHLCGDAVPRR,1
SAPFIECHGRGTCNYYANS,1
SAWRACSVTCGKGIQKRSR,1
SEWSDCSVTCGKGMRTRQR,1
SKRKSRPVSVKTFEDIPLEEP,1
SKWSECSRTCGGGVKFQER,1
SPNITVTLKKFPL,1
SPSTHPNEGLEENYCRNPDN,1
SPWDIASVTAGGVQKRS,1
SPWSKCSAACGQTGVQTRTR,1
SPWSPCSGNCSTGKQQRTR,1
SPWSPCSTSCGLGVSTRI,1
SPWSQCSVRCGRGQRSRQVR,1
SPWSQCTASCGGGVQTR,1
SPWSSASVTAGDGVDITRIR,1
SPWTKCSATCGGGHYMRTR,1
SRTVRKTSRLWSSLSLNTCNNVHSKS,1
SSTSPHRPRFS,1
SVSGGGHHHHHHGGG,1
TAWGPCSTTCGLGMATRV,1
TEENRELVSELKRP,1
TEWSACNVRCGRGWQKRSR,1
TEWSVCNSRCGRGYQKRTR,1
TEWTACSKSCGMGFSTRV,1
TGASSEEEDPF,1
TKPPRKRPPKTKKRPPKTTKPPRGZOG,1
TKWTPCSRTCGMGISNRV,1
TLPFAYCNIHQVCHYAQRNDRSYWL,1
TMPFLFCNVNDCNFASRNDYSYWL,1
TQWTSCSKTCNSGTQSRHR,1
TSLDASIIWAMMQN,1
TSWSPCSASCGGGHYQRTR,1
TSWSQCSKTCGTGISTRV,1
TTITGKKCQSWAAMFPHRHSKT,1
VGSGGCMFGNGK,1
VIFEWTLLQVLSESDQDQSLEVFLT,1
VVGSPSAQDEASPL,1
WDLVVVSAGVAEVGV,1
WTRCSSSCGRGVSVRSR,1
YCNINEVCHYARRNDKSYWL,1
YPYDVPDYASL,1
YRIPIVRRLQRR,1
YTMNPRKLFDY,1
ADNWQSFDRWKDH,0
AEALAALRALADKNQVF,0
AERWREAAKLI,0
AFAQFGSDLDAATQKLLNRGARLTELMKQPQ,0
AGAGYALLALIGTEAAS,0
AKAAETKSSSEQELRITQS,0
ALVIGVIYATSMIFQSTSLV,0
ATSINNSSLPDV,0
AVVQKRFGFPEGSV,0
AVYLFYGTKDCL,0
CSRDNKHTLHRE,0
DDVWNMKYLRGFKWADLMEQVQRE,0
DIAPDTLENLISEFVLREG,0
DKAFIAFLEETFDQFLP,0
DLDDESIQGKLNFENFSLL,0
DMEAFTKLTDNIFLE,0
DVSKLKEGEQYMSFCTFPGHSALM,0
EALDAARYYANV,0
EASGPSFVSSHYLQESPGGISLEGSELTFPD,0
EDWSLDSRPGKSTKNSRNK,0
EGELLILENVRFNKGEKKDD,0
EHNDLRLCCKQIVEEA,0
EKAGLKIVAAKMLQLSQAQAEG,0
EKQIEQLVAQDLVRHFADLYRIDIPT,0
ELLIEDHIKTACNWGTTHK,0
ENAKNRLGLAQAD,0
ENGSTAIVVGRPITQAADPQKAYE,0
ERYAALLHDLGKAKTPSDILPRHHGHDLAGVEPVRKVNQRLRAPKHCAEL,0
EYIDGSVIAQL,0
FEPQVMKIMANVRPDRQTVLFSATFPRNMEALARKTLNKPVEIVVGGKSVVAPEITQIVEVR,0
FFTPSASHPAYVNFA,0
FGRLGTMFGSDLYNIKPDLV,0
FTSALSRAQKT,0
FTVRKISNGEGVERAFQTH,0
GALTDPTAQLVYLQKDGGL,0
GGPAERLTYEGDYNARGV,0
GHENISTTQIYTHLDFQHLADVYDQAHPRARKKSSQHKEE,0
GIVFQFFNLIPTLTVLENITLP,0
GKGVKTEFNRHVEDIKRESDGAWVL,0
GKSVADAIAILTFTPNKAAEII,0
GLHKGNKVNLTLRPAPANTGLIFRRVD,0
GMIFLELNFKGAEEIYYKHVHCRGGCSVFFSKISGVLTFM,0
GPEGMLSIAAPARDLKLATIELEHSHPLGRLWDIDVLTPEGEILSRRDYSLPPRRCLLCEQSAAVCA,0
GRLKGEELAQYNLWLDYLDALE,0
GSGRTDARVHAQGQ,0
GSKFDSSLDRNRPFEFTLGAGQVIK,0
GTSIVGIVENGISVLGKIF,0
HGGRVTLMEITDDGLAILQFGGGCNGCSMVDFTL,0
HSGNIWVDSDPARKSNPRFIVLD,0
HSSREKIVIPFFSLLIKDIYFLNEGCA,0
HVLSRLSYISALGMMTRITS,0
HWMYQGKHVLIIFDD,0
IAELGTAEFPRLRIGIGRPAP,0
ICRDIDLVRKLIKQAGLSLLAVERQENFPD,0
IEHPVLMARKPRFR,0
IEVTHWVQSRRAYAQGALEAARRLIGRPP,0
IFTFAGLIDHSHDFIIGFHAV,0
IHRAAGPALINACY,0
IIYITEEMGLLLGYSPIEILEKRF,0
INLTIAVHNGR,0
IVDDWIYMIEEICKI,0
IWIDPGFGFAKSVQQNTELLKGLDRVCQLGYPVL,0
KEVDAKYIETKRSIVQHITQIPYY,0
KFGADCKYKFES,0
KLCGTNSDAYGFSANLDDS,0
KLLDIADLHSEMKPLH,0
KMVTADYIKEGA,0
KQVKDKVPDGVFIFLTPPDLAELKSRIIGR,0
KTSTEAGVNLVVG,0
KVSVWSKVLRSDAAWDDK,0
LASAYGLAKHRDGRWEWA,0
LGYLGPDLADSAIAVNESIIPKFLRLVDPTAAELQNF,0
LHRGRIPEHQREESEV,0
LLSEYIPSVPNCWSLLKNKKT,0
LMEYEQNENPMK,0
LVAPVTVGKGA,0
LVVVPPYVIRY,0
MASGNAVCGSSAIAAVEP,0
MQSLVDIAAVTELAHAAGAKV,0
MRIVDLGAAPGGWSQVAAKK,0
MTGLVKWFNPE,0
MVFITVSTGVGGGVVSGGKLLTGPGG,0
MVSSEKAMANPDSMEIDSQTISQQVLITSQSGSV,0
MYNSLLRMTGACHKKCVPPH,0
NDNTPEILYPTI,0
NGWLHCPADPDLIF,0
NITVMTSGFAFHYYVNNPH,0
NTKFDELMEFP,0
PDEVTIGIVRERLG,0
PDLCSWEEAQLSS,0
PKLTALVENVAEQQGINLTS,0
PLIVLKDSIGREVINRSLIRVR,0
QAGADISMIGQFGVGFYSA,0
QAITDIHLDRV,0
QAQQKIILETFILFEDEVGKKL,0
QGCKMNNINVVYTPWANLKK,0
QGGAQRGGFTGPIP,0
QLPLQQQQQQQQQQQQQQQ,0
QMLEEGLLDEVQALLAAGIKGN,0
QTTIHVLPTAPTTVNVT,0
RAGSKRWLGKRPVVRGVVMNPVDHPHGGGEGRAPIGRKKPTTP,0
RELAAEVGSLLT,0
RFRVLPQGLKVKQVEREDAGVYVCKATNGFGSLSVNYTLVVL,0
RHPDCKIVRRRGRV,0
RKEAKRRYNEGALPGFDPA,0
RLQLGKMLNLIDESKFA,0
RPGTPLFTVKAYL,0
RSERLAKLNQILRI,0
RVEQPENPMLDARVQAFRIA,0
RVIVVFHCEFSSERGPRMCR,0
SGNMLAGGGTLYLYALGMG,0
SMGPMPESGQLVFQTANLT,0
STDVSWEELRDTE,0
SYDLGERKPSSAAYQKAPT,0
SYRDKEMSATFRQIL,0
TEGIDAMGEVTIRLRRDGQLFSGHAA,0
TIASMPAVDEINRLSN,0
TLPHQRLIVATDRGIFYKM,0
TVEIVMGLEEEFQISVE,0
VAATDGVGTKLKIAIDTGN,0
VAFKPNSTNIHVENVTVYG,0
VCGTIYVGGKEVNQCMDKTSDNAI,0
VCHGNCPQSNNAFFQPLDP,0
VFSTTSLVVVAHYKGLTVA,0
VIVCLLGTAGLFLPPWLA,0
VKVIEAVRARTPKTT,0
VMFAALIFKKDTFFR,0
VQDFGTALKVPK,0
VQWILSFPRAPMGSVSVHV,0
VRYHYINKAYEVTMKIQIIS,0
VVRLAREPGKRESRYMH,0
YEDLRDESLKGLVDIGF,0
YFLIQSVSSTVMLLNGLYIFVN,0
YGEPGMQLFVYGREE,0
YNLSDTIKAFSILLLTDLCI,0
